id,text,category,priority,style,source,group_id,parent_id,split,annotator1_category,annotator1_priority,annotator2_category,annotator2_priority
SS-0001,mess dinner has been cold since monday. not a big deal but could someone check the serving time? thanks,Hostel,Low,polite,ai_generated_batch1_v2,G0001,,train,,,,
SS-0002,"2nd floor corridor light in A block keeps flickering at night, hurts the eyes when going to the washroom",Hostel,Low,short,ai_generated_batch1_v2,G0002,,train,,,,
SS-0003,only 2 washing machines for the whole floor and each cycle takes like 1.5 hrs. always a queue on sundays,Hostel,Low,casual,ai_generated_batch1_v2,G0003,,train,,,,
SS-0004,Kindly add some drying racks on the terrace. clothes are taking 2 days to dry inside the room,Hostel,Low,polite,ai_generated_batch1_v2,G0004,,train,,,,
SS-0005,"geyser in our block is not working since last tuesday. cold water at 6am is getting really difficult, few of us are skipping bath before the 9am class",Hostel,Medium,detailed,ai_generated_batch1_v2,G0005,,train,,,,
SS-0006,"fan in room 214 is making a very loud noise n wobbling. told the warden twice already, he said will send someone but nobody came",Hostel,Medium,typos,ai_generated_batch1_v2,G0006,,test,,,,
SS-0007,"rice and dal were undercooked on mon, tue and thu. quite a few of us ended up eating maggi from the shop instead. pls tell mess to check",Hostel,Medium,detailed,ai_generated_batch1_v2,G0007,,train,,,,
SS-0008,"some problem in hostel rooms only, pls check sir",Hostel,Medium,vague,ai_generated_batch1_v2,G0008,,train,,,,
SS-0009,"no water in B block since yesterday morning. almost 80 students, we are buying cans from the outside shop. tomorrow we have internals also",Hostel,High,detailed,ai_generated_batch1_v2,G0009,,train,,,,
SS-0010,"roof in our room leaks every time it rains!! laptop charger got wet yesterday and books are spoiled. we informed the warden last month also, nothing happened",Hostel,High,angry,ai_generated_batch1_v2,G0010,,val,,,,
SS-0011,"at least 10 people in our block got stomach pain and vomiting after last night's dinner, 3 went to the clinic. please inspect the mess kitchen sir",Hostel,High,detailed,ai_generated_batch1_v2,G0011,,train,,,,
SS-0012,"the socket in room 118 sparks every time we plug something in and there is a burning smell from the wall. please send an electrician today, someone will get a shock",Hostel,Critical,detailed,ai_generated_batch1_v2,G0012,,train,,,,
SS-0013,there is a gap in the back gate of the girls hostel and last night 2 guys came inside around 11:30. security guard was not there. we are really scared to stay,Hostel,Critical,tricky,ai_generated_batch1_v2,G0013,,train,,,,
SS-0014,"the exam timetable pdf is too small to read on phone, can it be uploaded in a better format?",Exam,Low,polite,ai_generated_batch1_v2,G0014,,train,,,,
SS-0015,seating arrangement was put up only the night before the exam. please put it a day earlier,Exam,Low,short,ai_generated_batch1_v2,G0015,,train,,,,
SS-0016,can we be allowed transparent water bottles inside the exam hall? 3 hours without water is tough,Exam,Low,polite,ai_generated_batch1_v2,G0016,,val,,,,
SS-0017,can old question papers be shared on the portal officially? everyone is asking seniors right now,Exam,Low,short,ai_generated_batch1_v2,G0017,,test,,,,
SS-0018,DBMS lab internal marks are not visible on the portal. sir announced them in class last week but my marks still show blank,Exam,Medium,detailed,ai_generated_batch1_v2,G0018,,train,,,,
SS-0019,two of my exams are on the same date and same time (fri 10am). how do i reschedule one?,Exam,Medium,short,ai_generated_batch1_v2,G0019,,test,,,,
SS-0020,"revaluation result still not out after 6 weeks, i need it for the scholarship form which closes this month",Exam,Medium,typos,ai_generated_batch1_v2,G0020,,test,,,,
SS-0021,"there is some problem with my exam, please look into it",Exam,Medium,vague,ai_generated_batch1_v2,G0021,,train,,,,
SS-0022,"my hall ticket has someone else's photo and the wrong subject code for paper 3. exams start next week, please correct it before that",Exam,High,detailed,ai_generated_batch1_v2,G0022,,train,,,,
SS-0023,unit 3 question paper had 2 pages missing and we were not given any extra time. half the class could not finish the last question,Exam,High,detailed,ai_generated_batch1_v2,G0023,,train,,,,
SS-0024,result shows me absent for a paper i wrote. i have the hall ticket and my answer sheet copy. this will stop my promotion to next sem,Exam,High,detailed,ai_generated_batch1_v2,G0024,,train,,,,
SS-0025,results came out 2 weeks ago but grade cards are still not given. placement forms need them by friday and exam office is not picking up calls!!,Exam,High,angry,ai_generated_batch1_v2,G0025,,test,,,,
SS-0026,a photo of today's question paper was going around in the class whatsapp group 20 mins before the exam started. please check this immediately,Exam,Critical,detailed,ai_generated_batch1_v2,G0026,,train,,,,
SS-0027,can the dept upload the data structures lecture slides on the portal? some of us missed classes due to fever,Academic / Department,Low,polite,ai_generated_batch1_v2,G0027,,train,,,,
SS-0028,"pls add more electives next sem, there are only 3 to choose from",Academic / Department,Low,short,ai_generated_batch1_v2,G0028,,train,,,,
SS-0029,sir friday classes start at 8am and half the class comes late from the bus. can we shift by 30 mins?,Academic / Department,Low,casual,ai_generated_batch1_v2,G0029,,train,,,,
SS-0030,our OS faculty has been on leave for 3 weeks and no substitute has come. syllabus is behind and internals are next month,Academic / Department,Medium,detailed,ai_generated_batch1_v2,G0030,,val,,,,
SS-0031,web technologies syllabus is outdated (still teaching old frameworks) and exam questions don't match it. can the board please review,Academic / Department,Medium,detailed,ai_generated_batch1_v2,G0031,,test,,,,
SS-0032,"labs are overcrowded, 4 people share 1 computer during practicals. we are not able to do the programs ourselves",Academic / Department,Medium,detailed,ai_generated_batch1_v2,G0032,,train,,,,
SS-0033,project guide allotment still not done n the deadline is next month. we dont know who to contact,Academic / Department,Medium,typos,ai_generated_batch1_v2,G0033,,train,,,,
SS-0034,"department is not working properly, please fix",Academic / Department,Medium,vague,ai_generated_batch1_v2,G0034,,train,,,,
SS-0035,one of our faculty keeps making comments about students' family background and how they speak english in front of the class. many of us feel bad and hesitate to attend his class,Academic / Department,High,detailed,ai_generated_batch1_v2,G0035,,train,,,,
SS-0036,my attendance is shown as 68% but i was on medical leave with a certificate. they say i cannot write exams. nobody is accepting my medical proof,Academic / Department,High,detailed,ai_generated_batch1_v2,G0036,,train,,,,
SS-0037,"internal marks are given unfairly, people who asked doubts in class got lower marks. we want someone independent to review",Academic / Department,High,tricky,ai_generated_batch1_v2,G0037,,train,,,,
SS-0038,a faculty member keeps texting a girl in our class late at night on personal things and told her not to tell anyone. she is scared to go to his class,Academic / Department,Critical,tricky,ai_generated_batch1_v2,G0038,,train,,,,
SS-0039,water cooler near the library is not cooling since last week,Infrastructure and facilities,Low,short,ai_generated_batch1_v2,G0039,,test,,,,
SS-0040,"benches near the canteen garden are broken, splinters on the seat",Infrastructure and facilities,Low,short,ai_generated_batch1_v2,G0040,,train,,,,
SS-0041,whiteboards in the 3rd floor classrooms have old marker stains that dont erase,Infrastructure and facilities,Low,short,ai_generated_batch1_v2,G0041,,train,,,,
SS-0042,"ground floor washroom tap is leaking a bit, water keeps dripping",Infrastructure and facilities,Low,casual,ai_generated_batch1_v2,G0042,,train,,,,
SS-0043,wifi in the main block keeps disconnecting since last week. online assignment upload failed twice for me and my friends,Infrastructure and facilities,Medium,detailed,ai_generated_batch1_v2,G0043,,train,,,,
SS-0044,"lift in C block is not working for 4 days. hard for people with injuries or heavy bags, i have a leg fracture and using the stairs is painful",Infrastructure and facilities,Medium,detailed,ai_generated_batch1_v2,G0044,,train,,,,
SS-0045,"AC in computer lab 2 is not working, the room gets very hot in the afternoon practical slot and many of us feel dizzy",Infrastructure and facilities,Medium,detailed,ai_generated_batch1_v2,G0045,,train,,,,
SS-0046,"no power sockets working in our classroom, we cant charge laptops during lectures",Infrastructure and facilities,Medium,typos,ai_generated_batch1_v2,G0046,,val,,,,
SS-0047,ramp at the main entrance is blocked with construction material. a classmate who uses a wheelchair could not enter the building today,Infrastructure and facilities,High,detailed,ai_generated_batch1_v2,G0047,,train,,,,
SS-0048,drinking water on the whole campus has a chemical smell since morning. lot of students are refusing to drink it,Infrastructure and facilities,High,detailed,ai_generated_batch1_v2,G0048,,train,,,,
SS-0049,"2nd floor washrooms are closed for 10 days!! hundreds of students share 2 toilets, this is not acceptable",Infrastructure and facilities,High,angry,ai_generated_batch1_v2,G0049,,train,,,,
SS-0050,"a ceiling panel fell in the corridor near lab 2 today, missed students by a few inches. many other panels look loose, please close the area",Infrastructure and facilities,Critical,detailed,ai_generated_batch1_v2,G0050,,train,,,,
SS-0051,strong gas smell from the canteen kitchen and they are still cooking. please stop it immediately before something happens,Infrastructure and facilities,Critical,detailed,ai_generated_batch1_v2,G0051,,train,,,,
SS-0052,can we have an anonymous suggestion box near the student centre? people will say more,Safety and welfare,Low,polite,ai_generated_batch1_v2,G0052,,train,,,,
SS-0053,the street light outside the back gate is off since 2 weeks. walking to the bus stop after 7pm feels unsafe,Safety and welfare,Medium,detailed,ai_generated_batch1_v2,G0053,,train,,,,
SS-0054,"there is no first aid kit in our department block, can one be kept at the office?",Safety and welfare,Medium,polite,ai_generated_batch1_v2,G0054,,train,,,,
SS-0055,stray dogs gather at the hostel entrance in the evening and chased 2 students yesterday,Safety and welfare,Medium,detailed,ai_generated_batch1_v2,G0055,,train,,,,
SS-0056,i dont feel safe here sometimes but i cant explain why,Safety and welfare,Medium,vague,ai_generated_batch1_v2,G0056,,val,,,,
SS-0057,seniors in our block are making juniors do their assignments and threatening us if we refuse. we are afraid to complain,Safety and welfare,High,detailed,ai_generated_batch1_v2,G0057,,test,,,,
SS-0058,someone has been following me for 3 days when i walk from the library after 9 pm. i feel unsafe going alone now,Safety and welfare,High,detailed,ai_generated_batch1_v2,G0058,,train,,,,
SS-0059,"two groups fought near the sports ground yesterday and a boy got hurt. still tension, people say it will happen again",Safety and welfare,High,detailed,ai_generated_batch1_v2,G0059,,train,,,,
SS-0060,my classmate has been absent for a week and looks very low. he told me nobody would notice if he was gone. i am worried about him,Safety and welfare,Critical,tricky,ai_generated_batch1_v2,G0060,,train,,,,
SS-0061,my friend told me he doesnt want to live anymore and is not picking up calls since last night. someone please check on him right now,Safety and welfare,Critical,short,ai_generated_batch1_v2,G0061,,test,,,,
SS-0062,a senior is threatening to share my private photos if i dont meet him. i am scared and i dont know who to tell,Safety and welfare,Critical,detailed,ai_generated_batch1_v2,G0062,,train,,,,
SS-0063,a group of students beat me up last night near the hostel gate. i am scared to go out and need help immediately,Safety and welfare,Critical,detailed,ai_generated_batch1_v2,G0063,,train,,,,
SS-0064,can the fee receipt be auto-emailed after payment? i had to visit the office to get it,Administrative / Fees,Low,polite,ai_generated_batch1_v2,G0064,,train,,,,
SS-0065,the college website still shows old office timings,Administrative / Fees,Low,short,ai_generated_batch1_v2,G0065,,train,,,,
SS-0066,"my ID card photo is blurry, can i retake it whenever convenient?",Administrative / Fees,Low,polite,ai_generated_batch1_v2,G0066,,val,,,,
SS-0067,where do we collect the new bus pass forms? nobody at the counter today,Administrative / Fees,Low,casual,ai_generated_batch1_v2,G0067,,test,,,,
SS-0068,"i paid my tuition fee twice by mistake on the 12th, the extra amount has not been refunded yet",Administrative / Fees,Medium,detailed,ai_generated_batch1_v2,G0068,,val,,,,
SS-0069,"scholarship amount for this sem is not credited yet and i depend on it for the hostel fee, last date is next week",Administrative / Fees,Medium,detailed,ai_generated_batch1_v2,G0069,,test,,,,
SS-0070,"bonafide certificate request pending for 10 days, i need it for a bank loan",Administrative / Fees,Medium,detailed,ai_generated_batch1_v2,G0070,,val,,,,
SS-0071,"my name spelling is wrong on the fee reciept, need it corrected before my visa appointment",Administrative / Fees,Medium,typos,ai_generated_batch1_v2,G0071,,train,,,,
SS-0072,there is some issue in my account section,Administrative / Fees,Medium,vague,ai_generated_batch1_v2,G0072,,train,,,,
SS-0073,i am shown a late fee though i paid before the due date. accounts says payment not found. because of this my hall ticket is blocked,Administrative / Fees,High,detailed,ai_generated_batch1_v2,G0073,,train,,,,
SS-0074,the office asked for an extra 3000 rupees for a certificate and gave no receipt. i dont think it is an official charge,Administrative / Fees,High,tricky,ai_generated_batch1_v2,G0074,,test,,,,
SS-0075,my transfer certificate has been pending for over a month. new college will cancel my admission if i dont submit it by next week,Administrative / Fees,High,detailed,ai_generated_batch1_v2,G0075,,train,,,,
SS-0076,library closes at 5 pm. can it stay open till 8 during exam weeks?,Library / Transport,Low,polite,ai_generated_batch1_v2,G0076,,val,,,,
SS-0077,many CS books are torn and some pages are missing,Library / Transport,Low,short,ai_generated_batch1_v2,G0077,,val,,,,
SS-0078,"library seats are full during exams, please add more study tables",Library / Transport,Low,short,ai_generated_batch1_v2,G0078,,train,,,,
SS-0079,could route numbers and timings be put on the transport notice board?,Library / Transport,Low,polite,ai_generated_batch1_v2,G0079,,val,,,,
SS-0080,"route 7 bus is 30-40 minutes late almost every day, so we miss the first class",Library / Transport,Medium,detailed,ai_generated_batch1_v2,G0080,,val,,,,
SS-0081,"only 1 copy of the old edition of the required textbook for 60 students, the new edition is not available",Library / Transport,Medium,detailed,ai_generated_batch1_v2,G0081,,train,,,,
SS-0082,"bus is over crowded, many students stand for the whole 1 hr journey",Library / Transport,Medium,typos,ai_generated_batch1_v2,G0082,,train,,,,
SS-0083,e-library login not working for 2 weeks and we cannot access journals for our project,Library / Transport,Medium,detailed,ai_generated_batch1_v2,G0083,,val,,,,
SS-0084,driver of bus 12 drives very fast and uses his phone while driving. students are scared to travel,Library / Transport,High,detailed,ai_generated_batch1_v2,G0084,,train,,,,
SS-0085,morning bus was cancelled without notice 3 days in a row and students from far areas missed exams,Library / Transport,High,detailed,ai_generated_batch1_v2,G0085,,test,,,,
SS-0086,"bus 5's brakes failed on the highway this morning, driver just managed to stop. it should not run until checked",Library / Transport,Critical,detailed,ai_generated_batch1_v2,G0086,,train,,,,
SS-0087,bus door doesnt close properly and a student almost fell out today while the bus was moving,Library / Transport,Critical,detailed,ai_generated_batch1_v2,G0087,,val,,,,
SS-0088,can we get a bigger notice board in the canteen area?,Other,Low,short,ai_generated_batch1_v2,G0088,,train,,,,
SS-0089,"please organise more cultural events in the evenings, campus is dull after 5",Other,Low,polite,ai_generated_batch1_v2,G0089,,train,,,,
SS-0090,"tea price in canteen went up again, is there any way to check?",Other,Low,casual,ai_generated_batch1_v2,G0090,,train,,,,
SS-0091,can clubs book the seminar hall online instead of going to the office?,Other,Low,polite,ai_generated_batch1_v2,G0091,,train,,,,
SS-0092,"college app icon looks old, needs a refresh",Other,Low,short,ai_generated_batch1_v2,G0092,,train,,,,
SS-0093,placement cell announces drives only 1 day before. we dont get time to prepare,Other,Medium,detailed,ai_generated_batch1_v2,G0093,,train,,,,
SS-0094,badminton rackets are always out of stock and the sports room closes at 5,Other,Medium,detailed,ai_generated_batch1_v2,G0094,,test,,,,
SS-0095,"clubs registeration form dosnt work on mobile, shows error every time",Other,Medium,typos,ai_generated_batch1_v2,G0095,,train,,,,
SS-0096,info about scholarships and internships reaches students from villages very late. please announce equally to all,Other,Medium,detailed,ai_generated_batch1_v2,G0096,,val,,,,
SS-0097,"i have a general concern, not sure who to tell",Other,Medium,vague,ai_generated_batch1_v2,G0097,,val,,,,
SS-0098,an outside vendor near the campus gate is selling tobacco to students. please take action,Other,High,detailed,ai_generated_batch1_v2,G0098,,train,,,,
SS-0099,"during the fest the exits were blocked by the crowd. if an emergency happened, nobody could get out",Other,High,tricky,ai_generated_batch1_v2,G0099,,test,,,,
SS-0100,at last night's fest a few students felt dizzy and 2 fell unconscious after drinks from a stall. please check immediately,Other,Critical,tricky,ai_generated_batch1_v2,G0100,,train,,,,
SS-0101,"mess uses too much oil in the curries, can we get a lighter option once a week?",Hostel,Low,polite,ai_generated_batch2,G0101,,train,,,,
SS-0102,"hostel gate closing time is 9pm on weekends, can it be 10? pls consider",Hostel,Low,casual,ai_generated_batch2,G0102,,train,,,,
SS-0103,common room tv remote is missing and the tv is stuck on the news channel,Hostel,Low,casual,ai_generated_batch2,G0103,,train,,,,
SS-0104,"wifi in D block hostel is very slow after 8pm, cannot attend online interview prep",Hostel,Medium,detailed,ai_generated_batch2,G0104,,train,,,,
SS-0105,"room cleaning has not happened in our block for 5 days, dustbins are overflowing in the corridor",Hostel,Medium,detailed,ai_generated_batch2,G0105,,test,,,,
SS-0106,"hot water in the bathroom comes for only 10 mins and then goes cold, half of us bathe without it",Hostel,Medium,detailed,ai_generated_batch2,G0106,,train,,,,
SS-0107,"we asked for a room change 2 months back becuase of a noisy roommate, no reply from the warden till now",Hostel,Medium,typos,ai_generated_batch2,G0107,,train,,,,
SS-0108,"cockroaches and rats in the mess storage, saw a rat near the rice bags yesterday. very unhygienic",Hostel,High,detailed,ai_generated_batch2,G0108,,train,,,,
SS-0109,"bathroom door locks are broken in 3 rooms on our floor, girls are using them in shifts and feel unsafe",Hostel,High,tricky,ai_generated_batch2,G0109,,train,,,,
SS-0110,"water tank in C block was not cleaned for months, water has green particles. 2 people have skin rashes",Hostel,High,detailed,ai_generated_batch2,G0110,,train,,,,
SS-0111,"power cut in our block for 2 nights in a row, no generator backup, exams next week and we cant study",Hostel,High,angry,ai_generated_batch2,G0111,,train,,,,
SS-0112,smoke came from the extension board in room 305 and the wire was very hot. nobody knows where the fire extinguisher is,Hostel,Critical,detailed,ai_generated_batch2,G0112,,train,,,,
SS-0113,a boy on our floor has locked himself in his room since morning and is not responding to anyone. we are very worried,Hostel,Critical,tricky,ai_generated_batch2,G0113,,train,,,,
SS-0114,"exam centre for backlog paper is very far, can we get a nearer centre? just a request",Exam,Low,polite,ai_generated_batch2,G0114,,train,,,,
SS-0115,please display the exam schedule on the department notice board also,Exam,Low,short,ai_generated_batch2,G0115,,val,,,,
SS-0116,"calculator policy is not clear, can we get it before the exam?",Exam,Low,short,ai_generated_batch2,G0116,,test,,,,
SS-0117,"supplementary exam form date got extended but portal still shows closed, cant pay the fee",Exam,Medium,detailed,ai_generated_batch2,G0117,,train,,,,
SS-0118,"internal test paper was not shown to us after evaluation, we want to check where marks were cut",Exam,Medium,detailed,ai_generated_batch2,G0118,,test,,,,
SS-0119,"maths paper had one question from outside the syllabus. many of us lost marks, pls check",Exam,Medium,detailed,ai_generated_batch2,G0119,,train,,,,
SS-0120,result of my ML lab exam is still pending while others got theirs 2 weeks ago,Exam,Medium,typos,ai_generated_batch2,G0120,,train,,,,
SS-0121,"my name is missing from the hall ticket list even though i paid the fee, exam is tomorrow morning",Exam,High,detailed,ai_generated_batch2,G0121,,train,,,,
SS-0122,the invigilator said i was copying without any proof and tore my answer sheet. this will ruin my semester,Exam,High,angry,ai_generated_batch2,G0122,,train,,,,
SS-0123,answer sheet bundle of our section was reported lost and we are told to rewrite. many of us have job joining dates soon,Exam,High,detailed,ai_generated_batch2,G0123,,val,,,,
SS-0124,makeup exam date for my medical case was fixed but exam cell says no record. my next sem registration will be blocked,Exam,High,detailed,ai_generated_batch2,G0124,,train,,,,
SS-0125,the sealed question paper cover was already open when it was given in the hall today. please check before the paper is accepted,Exam,Critical,detailed,ai_generated_batch2,G0125,,test,,,,
SS-0126,can lab manuals be given in pdf instead of paper? saves printing money,Academic / Department,Low,polite,ai_generated_batch2,G0126,,val,,,,
SS-0127,"sir mostly reads the ppt, can we get some live coding examples? just a suggestion",Academic / Department,Low,casual,ai_generated_batch2,G0127,,val,,,,
SS-0128,please put the timetable of elective classes on the class group earlier,Academic / Department,Low,short,ai_generated_batch2,G0128,,train,,,,
SS-0129,we did not get notes for unit 4 in computer networks and the faculty is not replying to mails,Academic / Department,Medium,detailed,ai_generated_batch2,G0129,,val,,,,
SS-0130,"assignment deadlines of 3 subjects are on the same day, could they be spread out?",Academic / Department,Medium,polite,ai_generated_batch2,G0130,,train,,,,
SS-0131,internal exam portions were changed a day before the test and nobody informed the whole class,Academic / Department,Medium,detailed,ai_generated_batch2,G0131,,train,,,,
SS-0132,sir takes only 20 mins of the 1 hr class and leaves. we are not covering the syllabus,Academic / Department,Medium,detailed,ai_generated_batch2,G0132,,train,,,,
SS-0133,the faculty told me openly that i will fail if i complain about marks. i am scared for my final grades,Academic / Department,High,detailed,ai_generated_batch2,G0133,,test,,,,
SS-0134,our project guide has not met us even once in 2 months and the review is next week. no one is answering,Academic / Department,High,angry,ai_generated_batch2,G0134,,train,,,,
SS-0135,"mark sheet shows wrong marks in 2 subjects, correction request pending for 2 months, it affects my scholarship eligibility",Academic / Department,High,detailed,ai_generated_batch2,G0135,,train,,,,
SS-0136,a classmate is being treated differently by a faculty because of his caste and comments were made in class. many of us are upset,Academic / Department,High,tricky,ai_generated_batch2,G0136,,val,,,,
SS-0137,a faculty member touched a girl student inappropriately in the lab yesterday and she is too scared to speak. please take this seriously,Academic / Department,Critical,detailed,ai_generated_batch2,G0137,,train,,,,
SS-0138,a faculty is telling a student she will fail unless she meets him alone after class. she has told her friends about it,Academic / Department,Critical,tricky,ai_generated_batch2,G0138,,val,,,,
SS-0139,the fan in the 4th floor seminar hall makes noise while sessions are going on,Infrastructure and facilities,Low,short,ai_generated_batch2,G0139,,train,,,,
SS-0140,vending machine near admin block has been empty for weeks,Infrastructure and facilities,Low,casual,ai_generated_batch2,G0140,,train,,,,
SS-0141,mirrors in the ground floor washroom are cracked,Infrastructure and facilities,Low,short,ai_generated_batch2,G0141,,test,,,,
SS-0142,projector in class 402 has a green tint since a week and the slides are unreadable,Infrastructure and facilities,Medium,detailed,ai_generated_batch2,G0142,,train,,,,
SS-0143,"parking area has no shade and bikes get very hot, also no proper lighting at night",Infrastructure and facilities,Medium,detailed,ai_generated_batch2,G0143,,train,,,,
SS-0144,toilets in the library block do not have water in the taps after 3pm,Infrastructure and facilities,Medium,detailed,ai_generated_batch2,G0144,,val,,,,
SS-0145,"campus wifi asks login again n again every 10 mins, cant work on any project",Infrastructure and facilities,Medium,typos,ai_generated_batch2,G0145,,train,,,,
SS-0146,main staircase in A block has a broken step and students tripped twice already. please fix before someone gets seriously hurt,Infrastructure and facilities,High,detailed,ai_generated_batch2,G0146,,train,,,,
SS-0147,"canteen has been reusing cooking oil for many days and the food smells bad, 2 people got sick",Infrastructure and facilities,High,detailed,ai_generated_batch2,G0147,,train,,,,
SS-0148,"the only lift in the library block got stuck between floors twice this week, people were trapped for 15 mins",Infrastructure and facilities,High,detailed,ai_generated_batch2,G0148,,train,,,,
SS-0149,a live electric wire is hanging low near the hostel walkway and it rained today. someone can get electrocuted,Infrastructure and facilities,Critical,detailed,ai_generated_batch2,G0149,,test,,,,
SS-0150,"small fire in the chemistry lab store today, staff put it out with a bucket. fire alarm did not ring and there are no extinguishers",Infrastructure and facilities,Critical,detailed,ai_generated_batch2,G0150,,train,,,,
SS-0151,can we have a self defence workshop for students? it will help a lot,Safety and welfare,Low,polite,ai_generated_batch2,G0151,,test,,,,
SS-0152,"counsellor room timings are not displayed anywhere, please put them on the board",Safety and welfare,Low,short,ai_generated_batch2,G0152,,train,,,,
SS-0153,"CCTV at the parking is not working, few bikes were damaged recently",Safety and welfare,Medium,detailed,ai_generated_batch2,G0153,,val,,,,
SS-0154,counsellor is available only 2 days a week and appointments are full for a month,Safety and welfare,Medium,detailed,ai_generated_batch2,G0154,,train,,,,
SS-0155,unknown number keeps sending me weird messages since last week. not threatening yet but very uncomfortable,Safety and welfare,Medium,detailed,ai_generated_batch2,G0155,,train,,,,
SS-0156,"the campus gate does not check ID cards after 6pm, anyone can walk in",Safety and welfare,Medium,short,ai_generated_batch2,G0156,,train,,,,
SS-0157,seniors body shame me and my friends in the corridors every day and it is affecting my studies. i am not able to sleep,Safety and welfare,High,detailed,ai_generated_batch2,G0157,,train,,,,
SS-0158,a group of boys passes comments and whistles when girls pass the ground. it has happened many days and guards do not react,Safety and welfare,High,detailed,ai_generated_batch2,G0158,,train,,,,
SS-0159,i have panic attacks before every exam and could not tell anyone. i need someone to talk to urgently,Safety and welfare,High,tricky,ai_generated_batch2,G0159,,test,,,,
SS-0160,a senior pulled me into a room and hit me when i refused to give money. i have bruises and i am afraid to go to class,Safety and welfare,Critical,detailed,ai_generated_batch2,G0160,,train,,,,
SS-0161,someone is sending me threats to hurt me and my family if i report the matter. i am really scared for my safety,Safety and welfare,Critical,detailed,ai_generated_batch2,G0161,,train,,,,
SS-0162,my roommate has been giving away his things and says he will not be a problem for anyone soon. i am scared to leave him alone,Safety and welfare,Critical,tricky,ai_generated_batch2,G0162,,train,,,,
SS-0163,a girl from our hostel said a man in a car followed her to the gate and tried to pull her in. she escaped but is shaking,Safety and welfare,Critical,detailed,ai_generated_batch2,G0163,,train,,,,
SS-0164,can the accounts office start a token system? waiting time is 45 mins,Administrative / Fees,Low,polite,ai_generated_batch2,G0164,,train,,,,
SS-0165,the bonafide format on the portal has the old college logo,Administrative / Fees,Low,short,ai_generated_batch2,G0165,,val,,,,
SS-0166,"please provide a printer near the admin block, we walk far to print forms",Administrative / Fees,Low,casual,ai_generated_batch2,G0166,,test,,,,
SS-0167,"i paid the exam fee but the receipt is not generated on the portal, screenshot of the payment attached",Administrative / Fees,Medium,detailed,ai_generated_batch2,G0167,,train,,,,
SS-0168,refund of my caution deposit has been pending since i left the hostel 3 months back,Administrative / Fees,Medium,detailed,ai_generated_batch2,G0168,,train,,,,
SS-0169,lost my student id card and they say come after 2 weeks for the reprint. i need it for the bus pass,Administrative / Fees,Medium,detailed,ai_generated_batch2,G0169,,train,,,,
SS-0170,my contact number and adress on the portal are old and there is no option to update,Administrative / Fees,Medium,typos,ai_generated_batch2,G0170,,train,,,,
SS-0171,"loan documents need a fee structure letter, the office says it takes 15 days. any way to make it quicker?",Administrative / Fees,Medium,polite,ai_generated_batch2,G0171,,val,,,,
SS-0172,scholarship of my whole batch stopped because the portal shows our college as not verified. many of us pay fees from it,Administrative / Fees,High,detailed,ai_generated_batch2,G0172,,train,,,,
SS-0173,i was told to pay the full hostel fee again because the earlier payment was not linked to my id. i have the bank receipt,Administrative / Fees,High,detailed,ai_generated_batch2,G0173,,test,,,,
SS-0174,"college gave a wrong marksheet and the university is refusing my degree application, last date is in 5 days",Administrative / Fees,High,detailed,ai_generated_batch2,G0174,,val,,,,
SS-0175,"accounts staff spoke very rudely and refused my fee saying come another day, the last date was that day and now i am fined",Administrative / Fees,High,angry,ai_generated_batch2,G0175,,test,,,,
SS-0176,"library wifi asks for a password again n again, can it be kept open for students",Library / Transport,Low,casual,ai_generated_batch2,G0176,,train,,,,
SS-0177,"newspaper section is always messy, please keep it organised",Library / Transport,Low,short,ai_generated_batch2,G0177,,train,,,,
SS-0178,can we get a book request box so we can suggest new books?,Library / Transport,Low,polite,ai_generated_batch2,G0178,,val,,,,
SS-0179,library fine was wrongly added to my account for a book i returned last month,Library / Transport,Medium,detailed,ai_generated_batch2,G0179,,train,,,,
SS-0180,"bus stop for route 3 is far from the hostel and unsafe in the evening, can it be moved closer?",Library / Transport,Medium,detailed,ai_generated_batch2,G0180,,train,,,,
SS-0181,study rooms in the library have to be booked but the booking website does not open,Library / Transport,Medium,detailed,ai_generated_batch2,G0181,,train,,,,
SS-0182,route 9 bus has no seats after the first stop and many students stand every day,Library / Transport,Medium,typos,ai_generated_batch2,G0182,,train,,,,
SS-0183,"bus on route 4 did not come at all this evening, students were stuck at the stop till 9 pm",Library / Transport,High,detailed,ai_generated_batch2,G0183,,test,,,,
SS-0184,"the bus driver was rude and made a student get off midway because he was 2 mins late, the student had to walk 3 km in the dark",Library / Transport,High,detailed,ai_generated_batch2,G0184,,train,,,,
SS-0185,library has kept the reference books for our semester locked for 3 weeks and refuses to issue them before exams,Library / Transport,High,angry,ai_generated_batch2,G0185,,train,,,,
SS-0186,"the bus was over speeding today and hit the divider, some students got hurt. driver denied it and continued",Library / Transport,Critical,detailed,ai_generated_batch2,G0186,,train,,,,
SS-0187,the bus driver seemed drunk this morning and was swerving on the road. please stop him from driving,Library / Transport,Critical,detailed,ai_generated_batch2,G0187,,test,,,,
SS-0188,can we have a sanitary pad vending machine in the girls washroom?,Other,Low,polite,ai_generated_batch2,G0188,,train,,,,
SS-0189,"please add more dustbins near the ground, garbage is everywhere after matches",Other,Low,short,ai_generated_batch2,G0189,,train,,,,
SS-0190,"canteen closes at 6pm, can it stay open till 8 for those in the library?",Other,Low,polite,ai_generated_batch2,G0190,,train,,,,
SS-0191,"college magazine was not published this year, can the editorial team be revived?",Other,Low,short,ai_generated_batch2,G0191,,train,,,,
SS-0192,"no proper place to park cycles in campus, they get locked by the guard",Other,Medium,detailed,ai_generated_batch2,G0192,,train,,,,
SS-0193,interview dress code circular was published after the drive and some of us were rejected,Other,Medium,detailed,ai_generated_batch2,G0193,,train,,,,
SS-0194,"there is no lost and found desk, i lost my id and keys and nobody knew where to check",Other,Medium,detailed,ai_generated_batch2,G0194,,train,,,,
SS-0195,our club does not get funds and the requests are pending since 3 months,Other,Medium,detailed,ai_generated_batch2,G0195,,train,,,,
SS-0196,"internship certificates from the college are not given on time, companies are asking for them",Other,Medium,detailed,ai_generated_batch2,G0196,,test,,,,
SS-0197,"fest fee was collected but the events were cancelled, no info about refund",Other,Medium,detailed,ai_generated_batch2,G0197,,train,,,,
SS-0198,some students are being pressured to join a political rally and threatened if they dont attend,Other,High,tricky,ai_generated_batch2,G0198,,val,,,,
SS-0199,"there was a stampede at the fest gate yesterday, many students were pushed and a few fell. gates were too narrow, need action",Other,Critical,detailed,ai_generated_batch2,G0199,,train,,,,
SS-0200,"a group of outsiders were seen carrying weapons near the campus wall this evening, the guard said it is not his problem",Other,Critical,detailed,ai_generated_batch2,G0200,,train,,,,
SS-0201,"Dinner in the mess has been served cold for a few days now. Could the timing be checked, please?",Hostel,Low,formal,ai_paraphrase_of_batch1,G0001,SS-0001,train,,,,
SS-0202,"mess food is coming cold at night since monday, nothing serious just pls look",Hostel,Low,casual,ai_paraphrase_of_batch1,G0001,SS-0001,train,,,,
SS-0203,"The light in the A block 2nd floor corridor blinks all night, it is really irritating when we go to the washroom.",Hostel,Low,detailed,ai_paraphrase_of_batch1,G0002,SS-0002,train,,,,
SS-0204,A block 2nd floor corridor light flickering,Hostel,Low,short,ai_paraphrase_of_batch1,G0002,SS-0002,train,,,,
SS-0205,"There are just two washing machines for the entire floor and one wash takes almost 90 minutes, so sunday means a long queue.",Hostel,Low,detailed,ai_paraphrase_of_batch1,G0003,SS-0003,train,,,,
SS-0206,"too few washing machines on our floor, sundays are the worst, wait time is forever",Hostel,Low,casual,ai_paraphrase_of_batch1,G0003,SS-0003,train,,,,
SS-0207,Requesting the hostel to place drying racks on the terrace because clothes take two days to dry in the room.,Hostel,Low,formal,ai_paraphrase_of_batch1,G0004,SS-0004,train,,,,
SS-0208,"pls put some racks on the terrace, our clothes never dry inside",Hostel,Low,short,ai_paraphrase_of_batch1,G0004,SS-0004,train,,,,
SS-0209,The geyser of our block has been off since last Tuesday. Bathing with cold water at 6 am is hard and some of us are skipping it before the 9 am class.,Hostel,Medium,detailed,ai_paraphrase_of_batch1,G0005,SS-0005,train,,,,
SS-0210,"geyser not working in our block for a week, cold water in the morning is killing us",Hostel,Medium,casual,ai_paraphrase_of_batch1,G0005,SS-0005,train,,,,
SS-0211,The fan in room 214 wobbles and makes a loud noise. The warden has been told two times and promised to send someone but no one has come.,Hostel,Medium,formal,ai_paraphrase_of_batch1,G0006,SS-0006,test,,,,
SS-0212,"room 214 fan is very noisy n shaking, warden knows but no action",Hostel,Medium,typos,ai_paraphrase_of_batch1,G0006,SS-0006,test,,,,
SS-0213,"On Monday, Tuesday and Thursday the rice and dal were not cooked properly, so many of us bought maggi outside. Please ask the mess to look into it.",Hostel,Medium,formal,ai_paraphrase_of_batch1,G0007,SS-0007,train,,,,
SS-0214,"mess rice n dal half cooked 3 days this week, ppl eating maggi from shop",Hostel,Medium,casual,ai_paraphrase_of_batch1,G0007,SS-0007,train,,,,
SS-0215,"there is a problem in the hostel rooms, someone please check",Hostel,Medium,vague,ai_paraphrase_of_batch1,G0008,SS-0008,train,,,,
SS-0216,"hostel room issue sir, kindly look",Hostel,Medium,vague,ai_paraphrase_of_batch1,G0008,SS-0008,train,,,,
SS-0217,"B block has had no water since yesterday morning. About 80 of us are buying water cans outside, and we have internals tomorrow.",Hostel,High,detailed,ai_paraphrase_of_batch1,G0009,SS-0009,train,,,,
SS-0218,"no water in B block since yesterday!! 80 students affected, internals tomorrow",Hostel,High,angry,ai_paraphrase_of_batch1,G0009,SS-0009,train,,,,
SS-0219,Our room roof leaks whenever it rains. My laptop charger got wet yesterday and my books are damaged. The warden was told last month and did nothing.,Hostel,High,detailed,ai_paraphrase_of_batch1,G0010,SS-0010,val,,,,
SS-0220,"ceiling leaking in our room every time it rains, books spoiled, charger wet, warden ignored us last month",Hostel,High,angry,ai_paraphrase_of_batch1,G0010,SS-0010,val,,,,
SS-0221,About 10 students in our block had stomach pain and vomiting after last night's dinner and 3 had to visit the clinic. Kindly inspect the mess kitchen.,Hostel,High,formal,ai_paraphrase_of_batch1,G0011,SS-0011,train,,,,
SS-0222,"many people sick after dinner yesterday in our block, vomiting n stomach pain, pls check the mess kitchen",Hostel,High,casual,ai_paraphrase_of_batch1,G0011,SS-0011,train,,,,
SS-0223,"Whenever we plug something in, the socket in room 118 sparks and there is a burning smell from the wall. An electrician is needed today before someone gets a shock.",Hostel,Critical,detailed,ai_paraphrase_of_batch1,G0012,SS-0012,train,,,,
SS-0224,"room 118 socket sparking with burning smell, please send electrician today",Hostel,Critical,short,ai_paraphrase_of_batch1,G0012,SS-0012,train,,,,
SS-0225,The back gate of the girls hostel has a gap and two men entered around 11:30 last night. The guard was missing. We are very scared.,Hostel,Critical,detailed,ai_paraphrase_of_batch1,G0013,SS-0013,train,,,,
SS-0226,"2 guys came inside girls hostel through the back gate gap last night, no guard, we are scared to stay",Hostel,Critical,casual,ai_paraphrase_of_batch1,G0013,SS-0013,train,,,,
SS-0227,Could the exam timetable be shared in a clearer format? The PDF text is too small on a phone.,Exam,Low,formal,ai_paraphrase_of_batch1,G0014,SS-0014,train,,,,
SS-0228,"timetable pdf unreadable on phone, pls upload better one",Exam,Low,short,ai_paraphrase_of_batch1,G0014,SS-0014,train,,,,
SS-0229,The seating plan was displayed only the night before the exam. Kindly display it one day earlier.,Exam,Low,formal,ai_paraphrase_of_batch1,G0015,SS-0015,train,,,,
SS-0230,"seating list came too late, put it a day before pls",Exam,Low,casual,ai_paraphrase_of_batch1,G0015,SS-0015,train,,,,
SS-0231,Requesting permission for transparent water bottles in the exam hall since the exam is three hours long.,Exam,Low,formal,ai_paraphrase_of_batch1,G0016,SS-0016,val,,,,
SS-0232,can we carry clear water bottles in the exam? 3 hrs is long,Exam,Low,casual,ai_paraphrase_of_batch1,G0016,SS-0016,val,,,,
SS-0233,Could previous year question papers be officially made available on the portal? Right now everyone depends on seniors.,Exam,Low,formal,ai_paraphrase_of_batch1,G0017,SS-0017,test,,,,
SS-0234,"official old question papers on portal pls, we keep asking seniors",Exam,Low,short,ai_paraphrase_of_batch1,G0017,SS-0017,test,,,,
SS-0235,"My DBMS lab internal marks show blank on the portal, though sir announced the marks in class last week.",Exam,Medium,formal,ai_paraphrase_of_batch1,G0018,SS-0018,train,,,,
SS-0236,dbms lab internals not on portal even after sir said them in class,Exam,Medium,short,ai_paraphrase_of_batch1,G0018,SS-0018,train,,,,
SS-0237,I have two exams scheduled at the same time on Friday at 10 am. How can I get one of them rescheduled?,Exam,Medium,formal,ai_paraphrase_of_batch1,G0019,SS-0019,test,,,,
SS-0238,"clash between 2 exams friday 10am, what to do to shift one?",Exam,Medium,casual,ai_paraphrase_of_batch1,G0019,SS-0019,test,,,,
SS-0239,It has been more than six weeks and my revaluation result has not come. I need it before the scholarship form closes this month.,Exam,Medium,formal,ai_paraphrase_of_batch1,G0020,SS-0020,test,,,,
SS-0240,"revaluation result still pending 6 weeks, scholarship form closing this month",Exam,Medium,short,ai_paraphrase_of_batch1,G0020,SS-0020,test,,,,
SS-0241,"something is wrong with my exam, kindly check",Exam,Medium,vague,ai_paraphrase_of_batch1,G0021,SS-0021,train,,,,
SS-0242,"i have an issue about my exam, not sure how to say",Exam,Medium,vague,ai_paraphrase_of_batch1,G0021,SS-0021,train,,,,
SS-0243,"My hall ticket shows another person's photo and the wrong subject code for paper 3. Exams begin next week, so please correct it.",Exam,High,formal,ai_paraphrase_of_batch1,G0022,SS-0022,train,,,,
SS-0244,"hall ticket photo is wrong n paper 3 code also wrong, exams next week pls fix",Exam,High,typos,ai_paraphrase_of_batch1,G0022,SS-0022,train,,,,
SS-0245,Two pages were missing in our Unit 3 question paper and no extra time was given. Half of the class could not attempt the last question.,Exam,High,detailed,ai_paraphrase_of_batch1,G0023,SS-0023,train,,,,
SS-0246,"unit 3 paper came with 2 pages missing and no extra time, half class left last question",Exam,High,casual,ai_paraphrase_of_batch1,G0023,SS-0023,train,,,,
SS-0247,"My result says absent for a paper I actually wrote. I have the hall ticket and a copy of the answer sheet, and this may stop my promotion.",Exam,High,detailed,ai_paraphrase_of_batch1,G0024,SS-0024,train,,,,
SS-0248,"shown absent in a paper i wrote, i have proof, promotion at risk",Exam,High,short,ai_paraphrase_of_batch1,G0024,SS-0024,train,,,,
SS-0249,Results were declared two weeks back but grade cards have not been issued. Placement forms need them by Friday and the exam office is not answering.,Exam,High,detailed,ai_paraphrase_of_batch1,G0025,SS-0025,test,,,,
SS-0250,"grade cards still not given, placement forms due friday, exam office not picking calls!!",Exam,High,angry,ai_paraphrase_of_batch1,G0025,SS-0025,test,,,,
SS-0251,"Twenty minutes before today's exam, a photo of the question paper was shared in our class WhatsApp group. Please look into it immediately.",Exam,Critical,formal,ai_paraphrase_of_batch1,G0026,SS-0026,train,,,,
SS-0252,"question paper photo was in the class group before exam started today, check urgently",Exam,Critical,short,ai_paraphrase_of_batch1,G0026,SS-0026,train,,,,
SS-0253,Could the department upload the Data Structures lecture slides on the portal? Some of us missed classes because of fever.,Academic / Department,Low,formal,ai_paraphrase_of_batch1,G0027,SS-0027,train,,,,
SS-0254,"pls upload ds slides on portal, missed few classes due to fever",Academic / Department,Low,casual,ai_paraphrase_of_batch1,G0027,SS-0027,train,,,,
SS-0255,"It would be good to have more elective options next semester, as only three are available now.",Academic / Department,Low,polite,ai_paraphrase_of_batch1,G0028,SS-0028,train,,,,
SS-0256,"only 3 electives, need more next sem",Academic / Department,Low,short,ai_paraphrase_of_batch1,G0028,SS-0028,train,,,,
SS-0257,"Friday classes start at 8 am and half of us arrive late because of the bus. Could the start be moved by 30 minutes, sir?",Academic / Department,Low,polite,ai_paraphrase_of_batch1,G0029,SS-0029,train,,,,
SS-0258,"8am friday class too early for bus people, shift by half hour sir?",Academic / Department,Low,casual,ai_paraphrase_of_batch1,G0029,SS-0029,train,,,,
SS-0259,Our Operating Systems faculty has been on leave for three weeks and there is no replacement. We are behind in the syllabus and internals are next month.,Academic / Department,Medium,formal,ai_paraphrase_of_batch1,G0030,SS-0030,val,,,,
SS-0260,"no OS class for 3 weeks, no substitute, internals next month",Academic / Department,Medium,short,ai_paraphrase_of_batch1,G0030,SS-0030,val,,,,
SS-0261,The web technologies syllabus teaches outdated frameworks and the exam questions do not match it. Can the board please review it?,Academic / Department,Medium,formal,ai_paraphrase_of_batch1,G0031,SS-0031,test,,,,
SS-0262,"web tech syllabus old, paper doesnt match, pls review",Academic / Department,Medium,short,ai_paraphrase_of_batch1,G0031,SS-0031,test,,,,
SS-0263,"In practical sessions four students share one computer, so we cannot code on our own.",Academic / Department,Medium,detailed,ai_paraphrase_of_batch1,G0032,SS-0032,train,,,,
SS-0264,"labs too crowded, 4 per computer, cant practice properly",Academic / Department,Medium,casual,ai_paraphrase_of_batch1,G0032,SS-0032,train,,,,
SS-0265,Project guides have not been allotted yet and the deadline is next month. We do not know whom to approach.,Academic / Department,Medium,formal,ai_paraphrase_of_batch1,G0033,SS-0033,train,,,,
SS-0266,no project guide allotted yet n deadline next month,Academic / Department,Medium,typos,ai_paraphrase_of_batch1,G0033,SS-0033,train,,,,
SS-0267,"the department has some problems, pls look",Academic / Department,Medium,vague,ai_paraphrase_of_batch1,G0034,SS-0034,train,,,,
SS-0268,"things are not okay in our department, please help",Academic / Department,Medium,vague,ai_paraphrase_of_batch1,G0034,SS-0034,train,,,,
SS-0269,A faculty member often comments on students' family backgrounds and their English in class. Many of us feel hurt and hesitate to attend his lectures.,Academic / Department,High,detailed,ai_paraphrase_of_batch1,G0035,SS-0035,train,,,,
SS-0270,"one faculty keeps mocking students' background and english in front of everyone, we dont want to attend his class",Academic / Department,High,casual,ai_paraphrase_of_batch1,G0035,SS-0035,train,,,,
SS-0271,My attendance shows 68% even though I was on medical leave with a certificate. I have been told I cannot write the exams and my proof is not being accepted.,Academic / Department,High,detailed,ai_paraphrase_of_batch1,G0036,SS-0036,train,,,,
SS-0272,"attendance wrongly short at 68%, i was on medical leave, no one accepts my certificate, barred from exams",Academic / Department,High,angry,ai_paraphrase_of_batch1,G0036,SS-0036,train,,,,
SS-0273,Students who asked doubts in class received lower internal marks. We feel the marking is unfair and want an independent review.,Academic / Department,High,formal,ai_paraphrase_of_batch1,G0037,SS-0037,train,,,,
SS-0274,"internal marks unfair, doubt askers got less. need an outside person to review",Academic / Department,High,casual,ai_paraphrase_of_batch1,G0037,SS-0037,train,,,,
SS-0275,A faculty member has been texting a girl in our class late at night about personal matters and told her to keep it a secret. She is scared to attend his class.,Academic / Department,Critical,detailed,ai_paraphrase_of_batch1,G0038,SS-0038,train,,,,
SS-0276,"faculty texting a girl in our class at night, personal things, told her not to tell anyone, she is scared",Academic / Department,Critical,short,ai_paraphrase_of_batch1,G0038,SS-0038,train,,,,
SS-0277,The water cooler near the library has stopped cooling since last week.,Infrastructure and facilities,Low,formal,ai_paraphrase_of_batch1,G0039,SS-0039,test,,,,
SS-0278,library water cooler not cold anymore,Infrastructure and facilities,Low,short,ai_paraphrase_of_batch1,G0039,SS-0039,test,,,,
SS-0279,The benches in the canteen garden are broken and have splinters.,Infrastructure and facilities,Low,formal,ai_paraphrase_of_batch1,G0040,SS-0040,train,,,,
SS-0280,"canteen garden benches broken, splinters on the seat",Infrastructure and facilities,Low,casual,ai_paraphrase_of_batch1,G0040,SS-0040,train,,,,
SS-0281,Whiteboards on the third floor have old marker stains that cannot be erased.,Infrastructure and facilities,Low,formal,ai_paraphrase_of_batch1,G0041,SS-0041,train,,,,
SS-0282,3rd floor boards have stains that dont go,Infrastructure and facilities,Low,short,ai_paraphrase_of_batch1,G0041,SS-0041,train,,,,
SS-0283,The tap in the ground floor washroom leaks continuously.,Infrastructure and facilities,Low,formal,ai_paraphrase_of_batch1,G0042,SS-0042,train,,,,
SS-0284,"tap leaking in gf washroom, drip drip",Infrastructure and facilities,Low,casual,ai_paraphrase_of_batch1,G0042,SS-0042,train,,,,
SS-0285,The Wi-Fi in the main block has been disconnecting since last week. My assignment upload failed twice and my friends face the same.,Infrastructure and facilities,Medium,detailed,ai_paraphrase_of_batch1,G0043,SS-0043,train,,,,
SS-0286,"main block wifi keeps dropping, upload failed 2 times",Infrastructure and facilities,Medium,short,ai_paraphrase_of_batch1,G0043,SS-0043,train,,,,
SS-0287,The lift in C block has been out of order for four days. I have a leg fracture and climbing stairs is very painful.,Infrastructure and facilities,Medium,detailed,ai_paraphrase_of_batch1,G0044,SS-0044,train,,,,
SS-0288,"C block lift broken 4 days, i have a fractured leg, stairs are painful",Infrastructure and facilities,Medium,casual,ai_paraphrase_of_batch1,G0044,SS-0044,train,,,,
SS-0289,The AC in computer lab 2 is not working and the afternoon practical slot becomes very hot. Many of us feel dizzy.,Infrastructure and facilities,Medium,detailed,ai_paraphrase_of_batch1,G0045,SS-0045,train,,,,
SS-0290,"comp lab 2 AC dead, afternoon practicals too hot, people feeling dizzy",Infrastructure and facilities,Medium,casual,ai_paraphrase_of_batch1,G0045,SS-0045,train,,,,
SS-0291,"None of the power sockets in our classroom work, so we cannot charge laptops in lectures.",Infrastructure and facilities,Medium,formal,ai_paraphrase_of_batch1,G0046,SS-0046,val,,,,
SS-0292,"class sockets not working, laptop cant charge in lecture",Infrastructure and facilities,Medium,typos,ai_paraphrase_of_batch1,G0046,SS-0046,val,,,,
SS-0293,Construction material is blocking the ramp at the main entrance. A wheelchair user in our class could not enter the building today.,Infrastructure and facilities,High,detailed,ai_paraphrase_of_batch1,G0047,SS-0047,train,,,,
SS-0294,"main entrance ramp blocked by construction stuff, wheelchair classmate couldnt get in today",Infrastructure and facilities,High,casual,ai_paraphrase_of_batch1,G0047,SS-0047,train,,,,
SS-0295,The drinking water on campus has smelled of chemicals since morning and many students are avoiding it.,Infrastructure and facilities,High,formal,ai_paraphrase_of_batch1,G0048,SS-0048,train,,,,
SS-0296,"campus drinking water smells like chemicals, students not drinking",Infrastructure and facilities,High,short,ai_paraphrase_of_batch1,G0048,SS-0048,train,,,,
SS-0297,The 2nd floor washrooms have been closed for 10 days and hundreds of students are using only two toilets. This cannot continue.,Infrastructure and facilities,High,detailed,ai_paraphrase_of_batch1,G0049,SS-0049,train,,,,
SS-0298,2nd floor washrooms shut for 10 days!! 2 toilets for hundreds of students,Infrastructure and facilities,High,angry,ai_paraphrase_of_batch1,G0049,SS-0049,train,,,,
SS-0299,"A ceiling panel fell in the corridor near lab 2 today and nearly hit students. Other panels look loose too, so please close the area.",Infrastructure and facilities,Critical,detailed,ai_paraphrase_of_batch1,G0050,SS-0050,train,,,,
SS-0300,"ceiling panel fell near lab 2, almost hit us, others look loose, close the area",Infrastructure and facilities,Critical,short,ai_paraphrase_of_batch1,G0050,SS-0050,train,,,,
SS-0301,There is a strong gas smell in the canteen kitchen and cooking is still going on. Please stop it before something happens.,Infrastructure and facilities,Critical,formal,ai_paraphrase_of_batch1,G0051,SS-0051,train,,,,
SS-0302,"gas smell in canteen kitchen n they are still cooking, stop it now!",Infrastructure and facilities,Critical,angry,ai_paraphrase_of_batch1,G0051,SS-0051,train,,,,
SS-0303,Could an anonymous suggestion box be kept near the student centre? Students will speak more openly.,Safety and welfare,Low,polite,ai_paraphrase_of_batch1,G0052,SS-0052,train,,,,
SS-0304,anonymous suggestion box near student centre pls,Safety and welfare,Low,short,ai_paraphrase_of_batch1,G0052,SS-0052,train,,,,
SS-0305,The street light outside the back gate has been off for two weeks and walking to the bus stop after 7 pm feels unsafe.,Safety and welfare,Medium,detailed,ai_paraphrase_of_batch1,G0053,SS-0053,train,,,,
SS-0306,"back gate street light not working 2 weeks, unsafe to walk after 7",Safety and welfare,Medium,casual,ai_paraphrase_of_batch1,G0053,SS-0053,train,,,,
SS-0307,Our department block has no first aid kit. Could one be kept at the office?,Safety and welfare,Medium,polite,ai_paraphrase_of_batch1,G0054,SS-0054,train,,,,
SS-0308,"no first aid kit in dept block, pls keep one",Safety and welfare,Medium,short,ai_paraphrase_of_batch1,G0054,SS-0054,train,,,,
SS-0309,Stray dogs gather at the hostel entrance in the evenings and chased two students yesterday.,Safety and welfare,Medium,detailed,ai_paraphrase_of_batch1,G0055,SS-0055,train,,,,
SS-0310,stray dogs near hostel gate chased 2 students yesterday,Safety and welfare,Medium,short,ai_paraphrase_of_batch1,G0055,SS-0055,train,,,,
SS-0311,sometimes i feel unsafe on campus but i cant tell why,Safety and welfare,Medium,vague,ai_paraphrase_of_batch1,G0056,SS-0056,val,,,,
SS-0312,"not sure how to explain, i just dont feel safe here at times",Safety and welfare,Medium,vague,ai_paraphrase_of_batch1,G0056,SS-0056,val,,,,
SS-0313,Seniors in our block are forcing juniors to do their assignments and threaten us if we refuse. We are afraid to complain.,Safety and welfare,High,detailed,ai_paraphrase_of_batch1,G0057,SS-0057,test,,,,
SS-0314,"seniors threaten juniors to do their assignments, no one dares to complain",Safety and welfare,High,casual,ai_paraphrase_of_batch1,G0057,SS-0057,test,,,,
SS-0315,For the last three days someone has followed me on my way back from the library after 9 pm. I am afraid to walk alone now.,Safety and welfare,High,detailed,ai_paraphrase_of_batch1,G0058,SS-0058,train,,,,
SS-0316,"a person follows me from the library after 9pm, 3 days now, feel unsafe",Safety and welfare,High,short,ai_paraphrase_of_batch1,G0058,SS-0058,train,,,,
SS-0317,Two student groups fought near the sports ground yesterday and one boy was injured. The tension continues and people say it may happen again.,Safety and welfare,High,detailed,ai_paraphrase_of_batch1,G0059,SS-0059,train,,,,
SS-0318,"fight at sports ground yesterday, boy hurt, more trouble expected",Safety and welfare,High,short,ai_paraphrase_of_batch1,G0059,SS-0059,train,,,,
SS-0319,A classmate has been absent for a week and seems very low. He said nobody would notice if he was gone. I am worried about him.,Safety and welfare,Critical,detailed,ai_paraphrase_of_batch1,G0060,SS-0060,train,,,,
SS-0320,"my classmate is missing classes n very quiet, said no one would notice if he vanished, worried",Safety and welfare,Critical,casual,ai_paraphrase_of_batch1,G0060,SS-0060,train,,,,
SS-0321,My friend said he does not want to live anymore and has not answered calls since last night. Please check on him immediately.,Safety and welfare,Critical,formal,ai_paraphrase_of_batch1,G0061,SS-0061,test,,,,
SS-0322,"friend says he doesnt want to live, not answering since last night, someone check now",Safety and welfare,Critical,short,ai_paraphrase_of_batch1,G0061,SS-0061,test,,,,
SS-0323,A senior is threatening to leak my private photos unless I meet him. I am frightened and do not know whom to tell.,Safety and welfare,Critical,formal,ai_paraphrase_of_batch1,G0062,SS-0062,train,,,,
SS-0324,"senior blackmailing me with my private photos, im scared, dont know who to tell",Safety and welfare,Critical,casual,ai_paraphrase_of_batch1,G0062,SS-0062,train,,,,
SS-0325,Last night a group of students attacked me near the hostel gate. I am afraid to go outside and need help right away.,Safety and welfare,Critical,formal,ai_paraphrase_of_batch1,G0063,SS-0063,train,,,,
SS-0326,"beaten up by some students near the hostel gate last night, scared to go out, need help now",Safety and welfare,Critical,short,ai_paraphrase_of_batch1,G0063,SS-0063,train,,,,
SS-0327,Please consider sending the fee receipt by email automatically after payment. I had to go to the office to collect it.,Administrative / Fees,Low,polite,ai_paraphrase_of_batch1,G0064,SS-0064,train,,,,
SS-0328,"fee receipt should be auto emailed, went to office for it",Administrative / Fees,Low,casual,ai_paraphrase_of_batch1,G0064,SS-0064,train,,,,
SS-0329,The college website still displays the old office timings.,Administrative / Fees,Low,formal,ai_paraphrase_of_batch1,G0065,SS-0065,train,,,,
SS-0330,old office timings on website,Administrative / Fees,Low,short,ai_paraphrase_of_batch1,G0065,SS-0065,train,,,,
SS-0331,The photo on my ID card is blurry. May I retake it at a convenient time?,Administrative / Fees,Low,polite,ai_paraphrase_of_batch1,G0066,SS-0066,val,,,,
SS-0332,"id card pic blurry, can i retake sometime",Administrative / Fees,Low,casual,ai_paraphrase_of_batch1,G0066,SS-0066,val,,,,
SS-0333,Where can we collect the new bus pass forms? There was no one at the counter today.,Administrative / Fees,Low,formal,ai_paraphrase_of_batch1,G0067,SS-0067,test,,,,
SS-0334,bus pass forms where? counter empty today,Administrative / Fees,Low,short,ai_paraphrase_of_batch1,G0067,SS-0067,test,,,,
SS-0335,I accidentally paid the tuition fee twice on the 12th and the extra amount has still not been refunded.,Administrative / Fees,Medium,formal,ai_paraphrase_of_batch1,G0068,SS-0068,val,,,,
SS-0336,"paid tuition twice by mistake on 12th, refund not received yet",Administrative / Fees,Medium,casual,ai_paraphrase_of_batch1,G0068,SS-0068,val,,,,
SS-0337,This semester's scholarship has not been credited. I depend on it for my hostel fee and the last date is next week.,Administrative / Fees,Medium,detailed,ai_paraphrase_of_batch1,G0069,SS-0069,test,,,,
SS-0338,"scholarship not credited yet, need it for hostel fee, due next week",Administrative / Fees,Medium,short,ai_paraphrase_of_batch1,G0069,SS-0069,test,,,,
SS-0339,My bonafide certificate request has been pending for ten days and I need it for a bank loan.,Administrative / Fees,Medium,formal,ai_paraphrase_of_batch1,G0070,SS-0070,val,,,,
SS-0340,"bonafide pending 10 days, need for bank loan",Administrative / Fees,Medium,short,ai_paraphrase_of_batch1,G0070,SS-0070,val,,,,
SS-0341,There is a spelling mistake in my name on the fee receipt. I need it corrected before my visa appointment.,Administrative / Fees,Medium,formal,ai_paraphrase_of_batch1,G0071,SS-0071,train,,,,
SS-0342,"name wrong on fee reciept, visa appointment soon, pls correct",Administrative / Fees,Medium,typos,ai_paraphrase_of_batch1,G0071,SS-0071,train,,,,
SS-0343,there is a problem with my account section,Administrative / Fees,Medium,vague,ai_paraphrase_of_batch1,G0072,SS-0072,train,,,,
SS-0344,"some issue with my accounts, not sure what",Administrative / Fees,Medium,vague,ai_paraphrase_of_batch1,G0072,SS-0072,train,,,,
SS-0345,A late fee has been charged even though I paid before the due date. Accounts says they cannot find my payment and my hall ticket is now blocked.,Administrative / Fees,High,detailed,ai_paraphrase_of_batch1,G0073,SS-0073,train,,,,
SS-0346,"charged late fee though i paid on time, accounts cant find payment, hall ticket blocked",Administrative / Fees,High,short,ai_paraphrase_of_batch1,G0073,SS-0073,train,,,,
SS-0347,The office asked me to pay an extra 3000 rupees for a certificate without giving a receipt. I doubt it is an official charge.,Administrative / Fees,High,formal,ai_paraphrase_of_batch1,G0074,SS-0074,test,,,,
SS-0348,"certificate office asking extra 3000, no receipt, looks unofficial",Administrative / Fees,High,short,ai_paraphrase_of_batch1,G0074,SS-0074,test,,,,
SS-0349,My transfer certificate has been pending for over a month. My new college will cancel the admission if I do not submit it by next week.,Administrative / Fees,High,formal,ai_paraphrase_of_batch1,G0075,SS-0075,train,,,,
SS-0350,"TC pending 1 month+, new college needs it next week or admission cancelled",Administrative / Fees,High,short,ai_paraphrase_of_batch1,G0075,SS-0075,train,,,,
SS-0351,The library closes at 5 pm. Could it stay open until 8 pm in exam weeks?,Library / Transport,Low,polite,ai_paraphrase_of_batch1,G0076,SS-0076,val,,,,
SS-0352,"library till 8 during exams pls, 5pm is too early",Library / Transport,Low,casual,ai_paraphrase_of_batch1,G0076,SS-0076,val,,,,
SS-0353,Many books in the CS section are torn and pages are missing.,Library / Transport,Low,formal,ai_paraphrase_of_batch1,G0077,SS-0077,val,,,,
SS-0354,CS books torn n missing pages,Library / Transport,Low,short,ai_paraphrase_of_batch1,G0077,SS-0077,val,,,,
SS-0355,The library is full during exams. Please add more study tables.,Library / Transport,Low,polite,ai_paraphrase_of_batch1,G0078,SS-0078,train,,,,
SS-0356,"no seats in library in exam time, more tables pls",Library / Transport,Low,short,ai_paraphrase_of_batch1,G0078,SS-0078,train,,,,
SS-0357,Please display route numbers and timings on the transport notice board.,Library / Transport,Low,polite,ai_paraphrase_of_batch1,G0079,SS-0079,val,,,,
SS-0358,bus route n timing info on notice board pls,Library / Transport,Low,short,ai_paraphrase_of_batch1,G0079,SS-0079,val,,,,
SS-0359,"The Route 7 bus is late by 30 to 40 minutes almost every day, so we miss the first period.",Library / Transport,Medium,formal,ai_paraphrase_of_batch1,G0080,SS-0080,val,,,,
SS-0360,"route 7 bus always 30-40 mins late, first class missed daily",Library / Transport,Medium,casual,ai_paraphrase_of_batch1,G0080,SS-0080,val,,,,
SS-0361,"Only one copy of the old edition of the required textbook is available for 60 students, and the new edition is not in stock.",Library / Transport,Medium,detailed,ai_paraphrase_of_batch1,G0081,SS-0081,train,,,,
SS-0362,"60 students, 1 old textbook copy in library, new edition unavailable",Library / Transport,Medium,short,ai_paraphrase_of_batch1,G0081,SS-0081,train,,,,
SS-0363,The bus is overcrowded and many students stand during the entire one hour journey.,Library / Transport,Medium,formal,ai_paraphrase_of_batch1,G0082,SS-0082,train,,,,
SS-0364,"bus too crowded, standing for 1 hr everyday",Library / Transport,Medium,typos,ai_paraphrase_of_batch1,G0082,SS-0082,train,,,,
SS-0365,"The e-library login has not worked for two weeks, so we cannot access journals for our project.",Library / Transport,Medium,formal,ai_paraphrase_of_batch1,G0083,SS-0083,val,,,,
SS-0366,"e library login not working 2 wks, cant get journals for project",Library / Transport,Medium,casual,ai_paraphrase_of_batch1,G0083,SS-0083,val,,,,
SS-0367,The driver of Bus 12 drives very fast and uses his phone while driving. Students are afraid to travel.,Library / Transport,High,formal,ai_paraphrase_of_batch1,G0084,SS-0084,train,,,,
SS-0368,"bus 12 driver overspeeds n uses phone, we are scared",Library / Transport,High,casual,ai_paraphrase_of_batch1,G0084,SS-0084,train,,,,
SS-0369,"The morning bus was cancelled without notice for three days in a row, and students from faraway areas missed exams.",Library / Transport,High,formal,ai_paraphrase_of_batch1,G0085,SS-0085,test,,,,
SS-0370,"no morning bus 3 days, no info, far students missed exams",Library / Transport,High,short,ai_paraphrase_of_batch1,G0085,SS-0085,test,,,,
SS-0371,Bus 5's brakes failed on the highway this morning and the driver barely managed to stop. It must not run until it is inspected.,Library / Transport,Critical,formal,ai_paraphrase_of_batch1,G0086,SS-0086,train,,,,
SS-0372,"bus 5 brake failure today on highway, driver just stopped in time, stop the bus till checked",Library / Transport,Critical,short,ai_paraphrase_of_batch1,G0086,SS-0086,train,,,,
SS-0373,"The bus door does not close properly, and a student nearly fell out of the moving bus today.",Library / Transport,Critical,formal,ai_paraphrase_of_batch1,G0087,SS-0087,val,,,,
SS-0374,"bus door wont close, student almost fell out while moving",Library / Transport,Critical,short,ai_paraphrase_of_batch1,G0087,SS-0087,val,,,,
SS-0375,Could a bigger notice board be placed near the canteen?,Other,Low,polite,ai_paraphrase_of_batch1,G0088,SS-0088,train,,,,
SS-0376,"canteen notice board too small, need bigger",Other,Low,short,ai_paraphrase_of_batch1,G0088,SS-0088,train,,,,
SS-0377,"Please conduct more cultural events in the evenings, as the campus feels dull after 5 pm.",Other,Low,polite,ai_paraphrase_of_batch1,G0089,SS-0089,train,,,,
SS-0378,"more evening events pls, boring after 5",Other,Low,casual,ai_paraphrase_of_batch1,G0089,SS-0089,train,,,,
SS-0379,The tea price in the canteen has increased again. Is there any way to check this?,Other,Low,formal,ai_paraphrase_of_batch1,G0090,SS-0090,train,,,,
SS-0380,"canteen tea costlier again, who checks prices?",Other,Low,casual,ai_paraphrase_of_batch1,G0090,SS-0090,train,,,,
SS-0381,Could clubs be allowed to book the seminar hall online instead of visiting the office?,Other,Low,polite,ai_paraphrase_of_batch1,G0091,SS-0091,train,,,,
SS-0382,seminar hall online booking for clubs pls,Other,Low,short,ai_paraphrase_of_batch1,G0091,SS-0091,train,,,,
SS-0383,The college app icon looks old and could be refreshed.,Other,Low,formal,ai_paraphrase_of_batch1,G0092,SS-0092,train,,,,
SS-0384,"app icon outdated, refresh it",Other,Low,short,ai_paraphrase_of_batch1,G0092,SS-0092,train,,,,
SS-0385,"The placement cell announces drives just one day in advance, which gives us no time to prepare.",Other,Medium,formal,ai_paraphrase_of_batch1,G0093,SS-0093,train,,,,
SS-0386,"placement drive news only 1 day before, no prep time",Other,Medium,short,ai_paraphrase_of_batch1,G0093,SS-0093,train,,,,
SS-0387,Badminton rackets are always unavailable and the sports room closes at 5.,Other,Medium,formal,ai_paraphrase_of_batch1,G0094,SS-0094,test,,,,
SS-0388,"no badminton rackets ever, sports room shuts at 5",Other,Medium,casual,ai_paraphrase_of_batch1,G0094,SS-0094,test,,,,
SS-0389,The club registration form shows an error every time on mobile.,Other,Medium,formal,ai_paraphrase_of_batch1,G0095,SS-0095,train,,,,
SS-0390,club registeration form errors on phone always,Other,Medium,typos,ai_paraphrase_of_batch1,G0095,SS-0095,train,,,,
SS-0391,Students from rural areas get scholarship and internship information very late. Please announce it equally to everyone.,Other,Medium,formal,ai_paraphrase_of_batch1,G0096,SS-0096,val,,,,
SS-0392,"scholarship n internship info reaches village students late, please tell all equally",Other,Medium,casual,ai_paraphrase_of_batch1,G0096,SS-0096,val,,,,
SS-0393,i have a concern but dont know whom to approach,Other,Medium,vague,ai_paraphrase_of_batch1,G0097,SS-0097,val,,,,
SS-0394,"general issue, not sure who to tell",Other,Medium,vague,ai_paraphrase_of_batch1,G0097,SS-0097,val,,,,
SS-0395,An outside vendor near the campus gate is selling tobacco to students. Please take action.,Other,High,formal,ai_paraphrase_of_batch1,G0098,SS-0098,train,,,,
SS-0396,tobacco being sold to students near campus gate by outside vendor,Other,High,short,ai_paraphrase_of_batch1,G0098,SS-0098,train,,,,
SS-0397,During the fest the crowd blocked the exits. In an emergency nobody would have been able to leave.,Other,High,formal,ai_paraphrase_of_batch1,G0099,SS-0099,test,,,,
SS-0398,"fest exits jammed with crowd, emergency would be disaster",Other,High,short,ai_paraphrase_of_batch1,G0099,SS-0099,test,,,,
SS-0399,Last night at the fest some students felt dizzy and two fainted after drinking from a stall. Please investigate immediately.,Other,Critical,formal,ai_paraphrase_of_batch1,G0100,SS-0100,train,,,,
SS-0400,"2 students fainted at the fest after drinks from a stall, others dizzy, check now",Other,Critical,short,ai_paraphrase_of_batch1,G0100,SS-0100,train,,,,
SS-0401,The curries in the mess have too much oil. Could a lighter option be served at least once a week?,Hostel,Low,formal,ai_paraphrase_of_batch2,G0101,SS-0101,train,,,,
SS-0402,"mess curry too oily, want one light meal a week pls",Hostel,Low,casual,ai_paraphrase_of_batch2,G0101,SS-0101,train,,,,
SS-0403,Could the weekend hostel gate closing time be extended from 9 pm to 10 pm? Kindly consider.,Hostel,Low,formal,ai_paraphrase_of_batch2,G0102,SS-0102,train,,,,
SS-0404,"gate shuts 9 on weekends, make it 10 pls",Hostel,Low,short,ai_paraphrase_of_batch2,G0102,SS-0102,train,,,,
SS-0405,"The TV remote in the common room is lost, so the TV stays on the news channel all the time.",Hostel,Low,detailed,ai_paraphrase_of_batch2,G0103,SS-0103,train,,,,
SS-0406,"common room tv no remote, always stuck on news",Hostel,Low,short,ai_paraphrase_of_batch2,G0103,SS-0103,train,,,,
SS-0407,"The Wi-Fi in D block becomes very slow after 8 pm, and I cannot attend my online interview preparation sessions.",Hostel,Medium,detailed,ai_paraphrase_of_batch2,G0104,SS-0104,train,,,,
SS-0408,"D block hostel wifi crawls after 8pm, interview prep sessions not possible",Hostel,Medium,casual,ai_paraphrase_of_batch2,G0104,SS-0104,train,,,,
SS-0409,Our block has not been cleaned for five days and the corridor dustbins are overflowing.,Hostel,Medium,formal,ai_paraphrase_of_batch2,G0105,SS-0105,test,,,,
SS-0410,"no cleaning in our block 5 days, dustbins overflowing in corridor",Hostel,Medium,short,ai_paraphrase_of_batch2,G0105,SS-0105,test,,,,
SS-0411,"Hot water in the bathroom lasts only about 10 minutes and then turns cold, so half of us bathe without it.",Hostel,Medium,detailed,ai_paraphrase_of_batch2,G0106,SS-0106,train,,,,
SS-0412,"bathroom hot water runs out in 10 mins, most people take cold baths",Hostel,Medium,casual,ai_paraphrase_of_batch2,G0106,SS-0106,train,,,,
SS-0413,"I requested a room change two months ago because of a noisy roommate, and the warden has still not replied.",Hostel,Medium,formal,ai_paraphrase_of_batch2,G0107,SS-0107,train,,,,
SS-0414,"asked for room change 2 months ago noisy roomate, warden never replied",Hostel,Medium,typos,ai_paraphrase_of_batch2,G0107,SS-0107,train,,,,
SS-0415,"I saw a rat near the rice bags in the mess storage yesterday, and there are cockroaches too. It is very unhygienic.",Hostel,High,formal,ai_paraphrase_of_batch2,G0108,SS-0108,train,,,,
SS-0416,"rats n cockroaches in mess store room, saw one near rice bags, so dirty",Hostel,High,casual,ai_paraphrase_of_batch2,G0108,SS-0108,train,,,,
SS-0417,Bathroom door locks are broken in three rooms on our floor. Girls are using them in turns and feel unsafe.,Hostel,High,detailed,ai_paraphrase_of_batch2,G0109,SS-0109,train,,,,
SS-0418,"3 rooms on our floor have broken bathroom locks, girls feel unsafe",Hostel,High,short,ai_paraphrase_of_batch2,G0109,SS-0109,train,,,,
SS-0419,The water tank in C block has not been cleaned in months and there are green particles in the water. Two students have skin rashes.,Hostel,High,detailed,ai_paraphrase_of_batch2,G0110,SS-0110,train,,,,
SS-0420,"green stuff in C block tank water, not cleaned for months, 2 people got rashes",Hostel,High,casual,ai_paraphrase_of_batch2,G0110,SS-0110,train,,,,
SS-0421,There was no power in our block for two nights in a row and there is no generator backup. We cannot study with exams next week.,Hostel,High,detailed,ai_paraphrase_of_batch2,G0111,SS-0111,train,,,,
SS-0422,"2 nights no current in our block, no backup, exams next week, how to study!!",Hostel,High,angry,ai_paraphrase_of_batch2,G0111,SS-0111,train,,,,
SS-0423,The extension board in room 305 gave out smoke and the wire was extremely hot. No one knows where the fire extinguisher is kept.,Hostel,Critical,detailed,ai_paraphrase_of_batch2,G0112,SS-0112,train,,,,
SS-0424,"room 305 extension board smoking, wire very hot, no idea where extinguisher is",Hostel,Critical,short,ai_paraphrase_of_batch2,G0112,SS-0112,train,,,,
SS-0425,A boy on our floor has locked himself in his room since morning and is not responding. We are very worried about him.,Hostel,Critical,formal,ai_paraphrase_of_batch2,G0113,SS-0113,train,,,,
SS-0426,"boy on our floor locked his room since morning, no reply to knocking, we are scared",Hostel,Critical,short,ai_paraphrase_of_batch2,G0113,SS-0113,train,,,,
SS-0427,The exam centre for the backlog paper is far away. Could a nearer centre be arranged? It is only a request.,Exam,Low,polite,ai_paraphrase_of_batch2,G0114,SS-0114,train,,,,
SS-0428,"backlog exam centre too far, nearer one possible?",Exam,Low,short,ai_paraphrase_of_batch2,G0114,SS-0114,train,,,,
SS-0429,Kindly display the exam schedule on the department notice board as well.,Exam,Low,formal,ai_paraphrase_of_batch2,G0115,SS-0115,val,,,,
SS-0430,exam schedule on dept notice board also pls,Exam,Low,short,ai_paraphrase_of_batch2,G0115,SS-0115,val,,,,
SS-0431,The calculator rules are not clear. Could we be told before the exam what is allowed?,Exam,Low,formal,ai_paraphrase_of_batch2,G0116,SS-0116,test,,,,
SS-0432,which calculators allowed? tell before exam pls,Exam,Low,casual,ai_paraphrase_of_batch2,G0116,SS-0116,test,,,,
SS-0433,"The supplementary exam form date was extended but the portal still shows it as closed, so I cannot pay the fee.",Exam,Medium,detailed,ai_paraphrase_of_batch2,G0117,SS-0117,train,,,,
SS-0434,"supp exam form extended but portal says closed, cant pay",Exam,Medium,short,ai_paraphrase_of_batch2,G0117,SS-0117,train,,,,
SS-0435,We were not shown our internal test papers after evaluation. We would like to see where marks were deducted.,Exam,Medium,formal,ai_paraphrase_of_batch2,G0118,SS-0118,test,,,,
SS-0436,"want to see internal test paper after checking, marks cut somewhere",Exam,Medium,casual,ai_paraphrase_of_batch2,G0118,SS-0118,test,,,,
SS-0437,One question in the maths paper was outside the syllabus and many of us lost marks. Please review it.,Exam,Medium,formal,ai_paraphrase_of_batch2,G0119,SS-0119,train,,,,
SS-0438,"maths paper question not in syllabus, lot of us lost marks",Exam,Medium,short,ai_paraphrase_of_batch2,G0119,SS-0119,train,,,,
SS-0439,"My ML lab exam result is still pending, though others received theirs two weeks ago.",Exam,Medium,formal,ai_paraphrase_of_batch2,G0120,SS-0120,train,,,,
SS-0440,"ml lab result not out for me, others got 2 weeks back",Exam,Medium,typos,ai_paraphrase_of_batch2,G0120,SS-0120,train,,,,
SS-0441,My name is missing from the hall ticket list even though I paid the exam fee. The exam is tomorrow morning.,Exam,High,formal,ai_paraphrase_of_batch2,G0121,SS-0121,train,,,,
SS-0442,"not in hall ticket list though fee paid, exam tomorrow morning",Exam,High,short,ai_paraphrase_of_batch2,G0121,SS-0121,train,,,,
SS-0443,The invigilator accused me of copying with no proof and tore my answer sheet. This could ruin my semester.,Exam,High,detailed,ai_paraphrase_of_batch2,G0122,SS-0122,train,,,,
SS-0444,"invigilator tore my answer sheet saying i copied, no proof, my sem is at risk!!",Exam,High,angry,ai_paraphrase_of_batch2,G0122,SS-0122,train,,,,
SS-0445,The answer sheets of our section were reported lost and we have been told to rewrite the exam. Many of us have job joining dates soon.,Exam,High,detailed,ai_paraphrase_of_batch2,G0123,SS-0123,val,,,,
SS-0446,"our section answer scripts lost, rewrite exam they say, job joining dates near",Exam,High,casual,ai_paraphrase_of_batch2,G0123,SS-0123,val,,,,
SS-0447,"A makeup exam date was fixed for my medical case, but the exam cell says there is no record. My next semester registration may get blocked.",Exam,High,detailed,ai_paraphrase_of_batch2,G0124,SS-0124,train,,,,
SS-0448,"makeup exam for medical case fixed but exam cell says no record, registration blocked soon",Exam,High,short,ai_paraphrase_of_batch2,G0124,SS-0124,train,,,,
SS-0449,The seal on the question paper cover was already broken when it was handed to us in the hall today. Please check before the paper is accepted.,Exam,Critical,formal,ai_paraphrase_of_batch2,G0125,SS-0125,test,,,,
SS-0450,"question paper cover was already opened in the hall today, please check",Exam,Critical,short,ai_paraphrase_of_batch2,G0125,SS-0125,test,,,,
SS-0451,Could lab manuals be provided as PDFs instead of paper copies? It would save us printing costs.,Academic / Department,Low,polite,ai_paraphrase_of_batch2,G0126,SS-0126,val,,,,
SS-0452,"lab manual pdf instead of paper pls, printing costs money",Academic / Department,Low,casual,ai_paraphrase_of_batch2,G0126,SS-0126,val,,,,
SS-0453,Sir mostly reads from the slides. Could we have some live coding examples? It is only a suggestion.,Academic / Department,Low,polite,ai_paraphrase_of_batch2,G0127,SS-0127,val,,,,
SS-0454,"more live coding in class pls, mostly slides now",Academic / Department,Low,short,ai_paraphrase_of_batch2,G0127,SS-0127,val,,,,
SS-0455,Please share the elective class timetable on the class group earlier.,Academic / Department,Low,formal,ai_paraphrase_of_batch2,G0128,SS-0128,train,,,,
SS-0456,elective timetable on group earlier pls,Academic / Department,Low,short,ai_paraphrase_of_batch2,G0128,SS-0128,train,,,,
SS-0457,We have not received notes for unit 4 of Computer Networks and the faculty does not reply to our emails.,Academic / Department,Medium,formal,ai_paraphrase_of_batch2,G0129,SS-0129,val,,,,
SS-0458,"no notes for unit 4 CN, faculty not replying to mails",Academic / Department,Medium,short,ai_paraphrase_of_batch2,G0129,SS-0129,val,,,,
SS-0459,Assignment deadlines for three subjects fall on the same day. Could they be spread out?,Academic / Department,Medium,polite,ai_paraphrase_of_batch2,G0130,SS-0130,train,,,,
SS-0460,"3 assignments due same day, spread them pls",Academic / Department,Medium,casual,ai_paraphrase_of_batch2,G0130,SS-0130,train,,,,
SS-0461,The internal exam portions were changed one day before the test and the class was not informed.,Academic / Department,Medium,formal,ai_paraphrase_of_batch2,G0131,SS-0131,train,,,,
SS-0462,"portions changed a day before internal test, nobody told us",Academic / Department,Medium,short,ai_paraphrase_of_batch2,G0131,SS-0131,train,,,,
SS-0463,"Sir teaches for only 20 minutes of a one-hour class and leaves, so the syllabus is not getting covered.",Academic / Department,Medium,detailed,ai_paraphrase_of_batch2,G0132,SS-0132,train,,,,
SS-0464,"class is 1 hr but sir teaches 20 mins, syllabus not covered",Academic / Department,Medium,casual,ai_paraphrase_of_batch2,G0132,SS-0132,train,,,,
SS-0465,A faculty member told me openly that I will fail if I complain about my marks. I am scared about my final grades.,Academic / Department,High,detailed,ai_paraphrase_of_batch2,G0133,SS-0133,test,,,,
SS-0466,"faculty said ill fail if i complain about marks, scared for final grades",Academic / Department,High,short,ai_paraphrase_of_batch2,G0133,SS-0133,test,,,,
SS-0467,Our project guide has not met us even once in two months and the review is next week. Nobody is responding.,Academic / Department,High,detailed,ai_paraphrase_of_batch2,G0134,SS-0134,train,,,,
SS-0468,"project guide never met us in 2 months, review next week, no reply!!",Academic / Department,High,angry,ai_paraphrase_of_batch2,G0134,SS-0134,train,,,,
SS-0469,Two subjects show wrong marks on my mark sheet. My correction request has been pending for two months and it affects my scholarship eligibility.,Academic / Department,High,detailed,ai_paraphrase_of_batch2,G0135,SS-0135,train,,,,
SS-0470,"wrong marks in 2 subjects, correction pending 2 months, scholarship at risk",Academic / Department,High,short,ai_paraphrase_of_batch2,G0135,SS-0135,train,,,,
SS-0471,A faculty member made caste-based comments about a classmate in class and treats him differently. Many of us are upset.,Academic / Department,High,detailed,ai_paraphrase_of_batch2,G0136,SS-0136,val,,,,
SS-0472,"faculty commenting on classmate's caste in class, treats him differently, everyone upset",Academic / Department,High,casual,ai_paraphrase_of_batch2,G0136,SS-0136,val,,,,
SS-0473,"A faculty member touched a female student inappropriately in the lab yesterday. She is too afraid to speak, so please take this seriously.",Academic / Department,Critical,detailed,ai_paraphrase_of_batch2,G0137,SS-0137,train,,,,
SS-0474,"faculty touched a girl wrongly in lab yesterday, she is scared to say anything",Academic / Department,Critical,short,ai_paraphrase_of_batch2,G0137,SS-0137,train,,,,
SS-0475,A faculty member is telling a student that she will fail unless she meets him alone after class. She has told her friends.,Academic / Department,Critical,detailed,ai_paraphrase_of_batch2,G0138,SS-0138,val,,,,
SS-0476,"faculty told a girl she will fail unless she meets him alone, friends know, she is worried",Academic / Department,Critical,casual,ai_paraphrase_of_batch2,G0138,SS-0138,val,,,,
SS-0477,The fan in the fourth floor seminar hall makes noise during sessions.,Infrastructure and facilities,Low,formal,ai_paraphrase_of_batch2,G0139,SS-0139,train,,,,
SS-0478,4th floor seminar hall fan too noisy during sessions,Infrastructure and facilities,Low,short,ai_paraphrase_of_batch2,G0139,SS-0139,train,,,,
SS-0479,The vending machine near the admin block has been empty for weeks.,Infrastructure and facilities,Low,formal,ai_paraphrase_of_batch2,G0140,SS-0140,train,,,,
SS-0480,admin block vending machine empty for weeks,Infrastructure and facilities,Low,short,ai_paraphrase_of_batch2,G0140,SS-0140,train,,,,
SS-0481,The mirrors in the ground floor washroom are cracked.,Infrastructure and facilities,Low,formal,ai_paraphrase_of_batch2,G0141,SS-0141,test,,,,
SS-0482,cracked mirrors in gf washroom,Infrastructure and facilities,Low,short,ai_paraphrase_of_batch2,G0141,SS-0141,test,,,,
SS-0483,The projector in classroom 402 has had a green tint for a week and the slides cannot be read.,Infrastructure and facilities,Medium,detailed,ai_paraphrase_of_batch2,G0142,SS-0142,train,,,,
SS-0484,"class 402 projector green tint, cant read slides since a week",Infrastructure and facilities,Medium,casual,ai_paraphrase_of_batch2,G0142,SS-0142,train,,,,
SS-0485,"The parking area has no shade so bikes get very hot, and the lighting is poor at night.",Infrastructure and facilities,Medium,formal,ai_paraphrase_of_batch2,G0143,SS-0143,train,,,,
SS-0486,"parking no shade, bikes heat up, dark at night",Infrastructure and facilities,Medium,short,ai_paraphrase_of_batch2,G0143,SS-0143,train,,,,
SS-0487,There is no water in the taps of the library block toilets after 3 pm.,Infrastructure and facilities,Medium,formal,ai_paraphrase_of_batch2,G0144,SS-0144,val,,,,
SS-0488,library block toilet taps dry after 3pm,Infrastructure and facilities,Medium,short,ai_paraphrase_of_batch2,G0144,SS-0144,val,,,,
SS-0489,The campus Wi-Fi asks us to log in again every ten minutes and I cannot work on any project.,Infrastructure and facilities,Medium,detailed,ai_paraphrase_of_batch2,G0145,SS-0145,train,,,,
SS-0490,"wifi login prompt every 10 mins, cant do project work",Infrastructure and facilities,Medium,typos,ai_paraphrase_of_batch2,G0145,SS-0145,train,,,,
SS-0491,There is a broken step on the main staircase of A block and two students have already tripped. Please repair it before someone is badly hurt.,Infrastructure and facilities,High,detailed,ai_paraphrase_of_batch2,G0146,SS-0146,train,,,,
SS-0492,"A block main stairs broken step, 2 people tripped already, fix it before someone gets hurt",Infrastructure and facilities,High,casual,ai_paraphrase_of_batch2,G0146,SS-0146,train,,,,
SS-0493,The canteen has been reusing cooking oil for days and the food smells bad. Two people fell sick.,Infrastructure and facilities,High,formal,ai_paraphrase_of_batch2,G0147,SS-0147,train,,,,
SS-0494,"canteen reusing same oil, food smells off, 2 people sick",Infrastructure and facilities,High,short,ai_paraphrase_of_batch2,G0147,SS-0147,train,,,,
SS-0495,The only lift in the library block got stuck between floors twice this week and people were trapped for 15 minutes.,Infrastructure and facilities,High,formal,ai_paraphrase_of_batch2,G0148,SS-0148,train,,,,
SS-0496,"library lift stuck twice this week, trapped 15 mins, only one lift",Infrastructure and facilities,High,casual,ai_paraphrase_of_batch2,G0148,SS-0148,train,,,,
SS-0497,A live electric wire is hanging low on the hostel walkway and it rained today. Someone could be electrocuted.,Infrastructure and facilities,Critical,formal,ai_paraphrase_of_batch2,G0149,SS-0149,test,,,,
SS-0498,"low hanging live wire on hostel walkway after rain today, someone can get shocked",Infrastructure and facilities,Critical,short,ai_paraphrase_of_batch2,G0149,SS-0149,test,,,,
SS-0499,A small fire broke out in the chemistry lab store today and staff used a bucket to put it out. The alarm did not ring and there are no fire extinguishers.,Infrastructure and facilities,Critical,detailed,ai_paraphrase_of_batch2,G0150,SS-0150,train,,,,
SS-0500,"fire in chem lab store today, put out with a bucket, no alarm no extinguisher",Infrastructure and facilities,Critical,short,ai_paraphrase_of_batch2,G0150,SS-0150,train,,,,
SS-0501,Could a self-defence workshop be organised for students? It would be very helpful.,Safety and welfare,Low,polite,ai_paraphrase_of_batch2,G0151,SS-0151,test,,,,
SS-0502,self defence workshop for students pls,Safety and welfare,Low,short,ai_paraphrase_of_batch2,G0151,SS-0151,test,,,,
SS-0503,The counsellor's room timings are not displayed anywhere. Please put them on the notice board.,Safety and welfare,Low,formal,ai_paraphrase_of_batch2,G0152,SS-0152,train,,,,
SS-0504,"counsellor timings not on board, pls display",Safety and welfare,Low,short,ai_paraphrase_of_batch2,G0152,SS-0152,train,,,,
SS-0505,The CCTV camera at the parking area is not working and a few bikes were damaged recently.,Safety and welfare,Medium,formal,ai_paraphrase_of_batch2,G0153,SS-0153,val,,,,
SS-0506,"parking cctv dead, bikes got damaged recently",Safety and welfare,Medium,casual,ai_paraphrase_of_batch2,G0153,SS-0153,val,,,,
SS-0507,The counsellor is available only two days a week and appointments are booked for a month.,Safety and welfare,Medium,formal,ai_paraphrase_of_batch2,G0154,SS-0154,train,,,,
SS-0508,"counsellor only 2 days a week, no slots for a month",Safety and welfare,Medium,short,ai_paraphrase_of_batch2,G0154,SS-0154,train,,,,
SS-0509,"An unknown number has been sending me strange messages since last week. Nothing threatening yet, but I feel uncomfortable.",Safety and welfare,Medium,detailed,ai_paraphrase_of_batch2,G0155,SS-0155,train,,,,
SS-0510,"unknown number sending weird msgs since last week, not threats yet but uncomfortable",Safety and welfare,Medium,casual,ai_paraphrase_of_batch2,G0155,SS-0155,train,,,,
SS-0511,"ID cards are not checked at the campus gate after 6 pm, so anyone can walk in.",Safety and welfare,Medium,formal,ai_paraphrase_of_batch2,G0156,SS-0156,train,,,,
SS-0512,"no id check at gate after 6pm, anyone can enter",Safety and welfare,Medium,short,ai_paraphrase_of_batch2,G0156,SS-0156,train,,,,
SS-0513,Seniors body shame me and my friends in the corridors daily. It is affecting my studies and my sleep.,Safety and welfare,High,detailed,ai_paraphrase_of_batch2,G0157,SS-0157,train,,,,
SS-0514,"seniors body shaming us every day in corridors, cant sleep, studies suffering",Safety and welfare,High,casual,ai_paraphrase_of_batch2,G0157,SS-0157,train,,,,
SS-0515,A group of boys keeps passing comments and whistling at girls near the ground. This has happened for days and the guards do nothing.,Safety and welfare,High,detailed,ai_paraphrase_of_batch2,G0158,SS-0158,train,,,,
SS-0516,"boys whistle n comment at girls near ground daily, guards ignore",Safety and welfare,High,casual,ai_paraphrase_of_batch2,G0158,SS-0158,train,,,,
SS-0517,I get panic attacks before every exam and have not told anyone. I urgently need someone to talk to.,Safety and welfare,High,formal,ai_paraphrase_of_batch2,G0159,SS-0159,test,,,,
SS-0518,"panic attacks before exams, told nobody, need someone to talk to asap",Safety and welfare,High,casual,ai_paraphrase_of_batch2,G0159,SS-0159,test,,,,
SS-0519,A senior pulled me into a room and hit me when I refused to give him money. I have bruises and I am afraid to attend class.,Safety and welfare,Critical,formal,ai_paraphrase_of_batch2,G0160,SS-0160,train,,,,
SS-0520,"senior took me to a room n hit me for money, bruises, scared to go to class",Safety and welfare,Critical,casual,ai_paraphrase_of_batch2,G0160,SS-0160,train,,,,
SS-0521,Someone is threatening to hurt me and my family if I report the matter. I am very scared for my safety.,Safety and welfare,Critical,formal,ai_paraphrase_of_batch2,G0161,SS-0161,train,,,,
SS-0522,"threats to hurt me n my family if i report, really scared",Safety and welfare,Critical,short,ai_paraphrase_of_batch2,G0161,SS-0161,train,,,,
SS-0523,My roommate has been giving away his belongings and says he will soon not be a problem for anyone. I am afraid to leave him alone.,Safety and welfare,Critical,formal,ai_paraphrase_of_batch2,G0162,SS-0162,train,,,,
SS-0524,"roommate giving away his stuff, says soon he wont bother anyone, scared to leave him alone",Safety and welfare,Critical,casual,ai_paraphrase_of_batch2,G0162,SS-0162,train,,,,
SS-0525,A girl from our hostel says a man in a car followed her to the gate and tried to pull her inside. She got away but is still shaking.,Safety and welfare,Critical,formal,ai_paraphrase_of_batch2,G0163,SS-0163,train,,,,
SS-0526,"girl in our hostel was followed by a man in a car, he tried to pull her in, she escaped, still shaking",Safety and welfare,Critical,casual,ai_paraphrase_of_batch2,G0163,SS-0163,train,,,,
SS-0527,Could the accounts office introduce a token system? Waiting time is about 45 minutes.,Administrative / Fees,Low,polite,ai_paraphrase_of_batch2,G0164,SS-0164,train,,,,
SS-0528,"accounts office needs token system, 45 min wait",Administrative / Fees,Low,short,ai_paraphrase_of_batch2,G0164,SS-0164,train,,,,
SS-0529,The bonafide certificate format on the portal still has the old college logo.,Administrative / Fees,Low,formal,ai_paraphrase_of_batch2,G0165,SS-0165,val,,,,
SS-0530,old logo on bonafide format on portal,Administrative / Fees,Low,short,ai_paraphrase_of_batch2,G0165,SS-0165,val,,,,
SS-0531,Please provide a printer near the admin block. We have to walk far to print forms.,Administrative / Fees,Low,polite,ai_paraphrase_of_batch2,G0166,SS-0166,test,,,,
SS-0532,"no printer near admin block, walk far to print forms",Administrative / Fees,Low,casual,ai_paraphrase_of_batch2,G0166,SS-0166,test,,,,
SS-0533,"I paid the exam fee, but no receipt is generated on the portal. I have attached the payment screenshot.",Administrative / Fees,Medium,formal,ai_paraphrase_of_batch2,G0167,SS-0167,train,,,,
SS-0534,"exam fee paid, receipt not generating on portal, screenshot attached",Administrative / Fees,Medium,short,ai_paraphrase_of_batch2,G0167,SS-0167,train,,,,
SS-0535,My caution deposit refund has been pending for three months since I left the hostel.,Administrative / Fees,Medium,formal,ai_paraphrase_of_batch2,G0168,SS-0168,train,,,,
SS-0536,"caution deposit refund not received, left hostel 3 months ago",Administrative / Fees,Medium,casual,ai_paraphrase_of_batch2,G0168,SS-0168,train,,,,
SS-0537,I lost my student ID card and have been told to come back after two weeks for a reprint. I need it for the bus pass.,Administrative / Fees,Medium,detailed,ai_paraphrase_of_batch2,G0169,SS-0169,train,,,,
SS-0538,"id card lost, reprint after 2 weeks, need it for bus pass",Administrative / Fees,Medium,short,ai_paraphrase_of_batch2,G0169,SS-0169,train,,,,
SS-0539,The contact number and address on the portal are outdated and there is no option to update them.,Administrative / Fees,Medium,formal,ai_paraphrase_of_batch2,G0170,SS-0170,train,,,,
SS-0540,"portal has old adress n number, no update option",Administrative / Fees,Medium,typos,ai_paraphrase_of_batch2,G0170,SS-0170,train,,,,
SS-0541,"I need a fee structure letter for my loan documents, and the office says it takes 15 days. Can it be done faster?",Administrative / Fees,Medium,formal,ai_paraphrase_of_batch2,G0171,SS-0171,val,,,,
SS-0542,"fee structure letter for loan takes 15 days, any faster way pls",Administrative / Fees,Medium,casual,ai_paraphrase_of_batch2,G0171,SS-0171,val,,,,
SS-0543,Our whole batch's scholarship has stopped because the portal shows the college as not verified. Many of us pay fees from it.,Administrative / Fees,High,detailed,ai_paraphrase_of_batch2,G0172,SS-0172,train,,,,
SS-0544,"scholarship stopped for whole batch, portal says college not verified, we pay fees from it",Administrative / Fees,High,short,ai_paraphrase_of_batch2,G0172,SS-0172,train,,,,
SS-0545,I was asked to pay the full hostel fee again because my earlier payment was not linked to my ID. I have the bank receipt.,Administrative / Fees,High,formal,ai_paraphrase_of_batch2,G0173,SS-0173,test,,,,
SS-0546,"asked to pay hostel fee again, earlier payment not linked to id, i have bank receipt",Administrative / Fees,High,short,ai_paraphrase_of_batch2,G0173,SS-0173,test,,,,
SS-0547,The college issued a wrong marksheet and the university is refusing my degree application. The last date is in five days.,Administrative / Fees,High,formal,ai_paraphrase_of_batch2,G0174,SS-0174,val,,,,
SS-0548,"wrong marksheet by college, univ not accepting degree application, 5 days left",Administrative / Fees,High,short,ai_paraphrase_of_batch2,G0174,SS-0174,val,,,,
SS-0549,"The accounts staff spoke rudely and refused my fee payment, saying to come another day. That day was the last date and now I am fined.",Administrative / Fees,High,detailed,ai_paraphrase_of_batch2,G0175,SS-0175,test,,,,
SS-0550,"accounts staff rude, didnt take fee on last date, now i have a fine!!",Administrative / Fees,High,angry,ai_paraphrase_of_batch2,G0175,SS-0175,test,,,,
SS-0551,The library Wi-Fi keeps asking for a password again and again. Could it be kept open for students?,Library / Transport,Low,polite,ai_paraphrase_of_batch2,G0176,SS-0176,train,,,,
SS-0552,"library wifi password prompt again n again, keep it open pls",Library / Transport,Low,casual,ai_paraphrase_of_batch2,G0176,SS-0176,train,,,,
SS-0553,The newspaper section is always messy. Please keep it organised.,Library / Transport,Low,formal,ai_paraphrase_of_batch2,G0177,SS-0177,train,,,,
SS-0554,newspaper corner always untidy,Library / Transport,Low,short,ai_paraphrase_of_batch2,G0177,SS-0177,train,,,,
SS-0555,Could a book request box be placed so that we can suggest new books?,Library / Transport,Low,polite,ai_paraphrase_of_batch2,G0178,SS-0178,val,,,,
SS-0556,book suggestion box in library pls,Library / Transport,Low,short,ai_paraphrase_of_batch2,G0178,SS-0178,val,,,,
SS-0557,A library fine has been wrongly added to my account for a book I returned last month.,Library / Transport,Medium,formal,ai_paraphrase_of_batch2,G0179,SS-0179,train,,,,
SS-0558,fine added for book i already returned last month,Library / Transport,Medium,short,ai_paraphrase_of_batch2,G0179,SS-0179,train,,,,
SS-0559,The Route 3 bus stop is far from the hostel and feels unsafe in the evening. Could it be moved closer?,Library / Transport,Medium,formal,ai_paraphrase_of_batch2,G0180,SS-0180,train,,,,
SS-0560,"route 3 stop far from hostel, unsafe in evenings, move closer pls",Library / Transport,Medium,casual,ai_paraphrase_of_batch2,G0180,SS-0180,train,,,,
SS-0561,"The library study rooms need to be booked online, but the booking website does not open.",Library / Transport,Medium,formal,ai_paraphrase_of_batch2,G0181,SS-0181,train,,,,
SS-0562,study room booking site not opening,Library / Transport,Medium,short,ai_paraphrase_of_batch2,G0181,SS-0181,train,,,,
SS-0563,The Route 9 bus has no seats after the first stop and many students stand every day.,Library / Transport,Medium,formal,ai_paraphrase_of_batch2,G0182,SS-0182,train,,,,
SS-0564,"route 9 bus full after first stop, everyday standing",Library / Transport,Medium,typos,ai_paraphrase_of_batch2,G0182,SS-0182,train,,,,
SS-0565,The Route 4 bus did not come at all this evening and students were stuck at the stop until 9 pm.,Library / Transport,High,formal,ai_paraphrase_of_batch2,G0183,SS-0183,test,,,,
SS-0566,"route 4 bus never came this evening, stuck at stop till 9",Library / Transport,High,casual,ai_paraphrase_of_batch2,G0183,SS-0183,test,,,,
SS-0567,The bus driver was rude and made a student get off midway because he was two minutes late. The student had to walk three kilometres in the dark.,Library / Transport,High,detailed,ai_paraphrase_of_batch2,G0184,SS-0184,train,,,,
SS-0568,"driver threw a student off midway for being 2 min late, had to walk 3 km in dark",Library / Transport,High,casual,ai_paraphrase_of_batch2,G0184,SS-0184,train,,,,
SS-0569,The reference books for our semester have been locked for three weeks and the library will not issue them before the exams.,Library / Transport,High,formal,ai_paraphrase_of_batch2,G0185,SS-0185,train,,,,
SS-0570,"library locked our semester reference books 3 weeks, wont issue before exams!!",Library / Transport,High,angry,ai_paraphrase_of_batch2,G0185,SS-0185,train,,,,
SS-0571,"The bus was overspeeding today and hit the divider, injuring some students. The driver denied it and kept going.",Library / Transport,Critical,formal,ai_paraphrase_of_batch2,G0186,SS-0186,train,,,,
SS-0572,"bus hit divider today at high speed, students hurt, driver denied n drove on",Library / Transport,Critical,short,ai_paraphrase_of_batch2,G0186,SS-0186,train,,,,
SS-0573,The bus driver appeared drunk this morning and the bus was swerving on the road. Please stop him from driving.,Library / Transport,Critical,formal,ai_paraphrase_of_batch2,G0187,SS-0187,test,,,,
SS-0574,"bus driver looked drunk, bus swerving on road this morning, stop him",Library / Transport,Critical,short,ai_paraphrase_of_batch2,G0187,SS-0187,test,,,,
SS-0575,Could a sanitary pad vending machine be installed in the girls' washroom?,Other,Low,polite,ai_paraphrase_of_batch2,G0188,SS-0188,train,,,,
SS-0576,sanitary pad vending machine in girls washroom pls,Other,Low,short,ai_paraphrase_of_batch2,G0188,SS-0188,train,,,,
SS-0577,"Please place more dustbins near the ground, as there is garbage everywhere after matches.",Other,Low,formal,ai_paraphrase_of_batch2,G0189,SS-0189,train,,,,
SS-0578,"more dustbins near ground, trash everywhere after matches",Other,Low,short,ai_paraphrase_of_batch2,G0189,SS-0189,train,,,,
SS-0579,The canteen closes at 6 pm. Could it stay open until 8 pm for students studying in the library?,Other,Low,polite,ai_paraphrase_of_batch2,G0190,SS-0190,train,,,,
SS-0580,canteen open till 8 for library students pls,Other,Low,short,ai_paraphrase_of_batch2,G0190,SS-0190,train,,,,
SS-0581,The college magazine was not published this year. Could the editorial team be revived?,Other,Low,formal,ai_paraphrase_of_batch2,G0191,SS-0191,train,,,,
SS-0582,"no college magazine this year, revive the team",Other,Low,short,ai_paraphrase_of_batch2,G0191,SS-0191,train,,,,
SS-0583,There is no proper cycle parking on campus and the guard locks our cycles.,Other,Medium,formal,ai_paraphrase_of_batch2,G0192,SS-0192,train,,,,
SS-0584,"no cycle stand in campus, guard locks cycles",Other,Medium,short,ai_paraphrase_of_batch2,G0192,SS-0192,train,,,,
SS-0585,The interview dress code circular was published after the drive and some of us were rejected because of it.,Other,Medium,formal,ai_paraphrase_of_batch2,G0193,SS-0193,train,,,,
SS-0586,"dress code circular came after the drive, some got rejected",Other,Medium,short,ai_paraphrase_of_batch2,G0193,SS-0193,train,,,,
SS-0587,There is no lost and found desk on campus. I lost my ID and keys and nobody knew where to check.,Other,Medium,formal,ai_paraphrase_of_batch2,G0194,SS-0194,train,,,,
SS-0588,"no lost n found on campus, lost id n keys, no idea where to ask",Other,Medium,casual,ai_paraphrase_of_batch2,G0194,SS-0194,train,,,,
SS-0589,Our club has not received funds and our requests have been pending for three months.,Other,Medium,formal,ai_paraphrase_of_batch2,G0195,SS-0195,train,,,,
SS-0590,"club funds requests pending 3 months, nothing",Other,Medium,short,ai_paraphrase_of_batch2,G0195,SS-0195,train,,,,
SS-0591,Internship certificates from the college are not issued on time and companies are asking for them.,Other,Medium,formal,ai_paraphrase_of_batch2,G0196,SS-0196,test,,,,
SS-0592,"internship certificate delay from college, company is asking",Other,Medium,short,ai_paraphrase_of_batch2,G0196,SS-0196,test,,,,
SS-0593,"The fest fee was collected but the events were cancelled, and there is no information about a refund.",Other,Medium,formal,ai_paraphrase_of_batch2,G0197,SS-0197,train,,,,
SS-0594,"paid fest fee, events cancelled, refund info nowhere",Other,Medium,short,ai_paraphrase_of_batch2,G0197,SS-0197,train,,,,
SS-0595,Some students are being pressured to join a political rally and threatened if they refuse.,Other,High,formal,ai_paraphrase_of_batch2,G0198,SS-0198,val,,,,
SS-0596,"students forced to attend political rally, threatened if not",Other,High,short,ai_paraphrase_of_batch2,G0198,SS-0198,val,,,,
SS-0597,There was a stampede at the fest gate yesterday. Many students were pushed and some fell because the gates were too narrow. Action is needed.,Other,Critical,detailed,ai_paraphrase_of_batch2,G0199,SS-0199,train,,,,
SS-0598,"fest gate stampede yesterday, students pushed n fell, gate too narrow, do something",Other,Critical,casual,ai_paraphrase_of_batch2,G0199,SS-0199,train,,,,
SS-0599,"This evening a group of outsiders was seen carrying weapons near the campus wall, and the guard said it was not his responsibility.",Other,Critical,formal,ai_paraphrase_of_batch2,G0200,SS-0200,train,,,,
SS-0600,"outsiders with weapons near campus wall this evening, guard said not his job",Other,Critical,short,ai_paraphrase_of_batch2,G0200,SS-0200,train,,,,
